[{"model": "service_development.voicelabel", "pk": 1, "fields": {"name": "Dutch language", "description": "Nederlandse taal"}}, {"model": "service_development.voicelabel", "pk": 2, "fields": {"name": "General error message", "description": ""}}, {"model": "service_development.voicelabel", "pk": 3, "fields": {"name": "This is the truth", "description": ""}}, {"model": "service_development.voicelabel", "pk": 4, "fields": {"name": "English language", "description": ""}}, {"model": "service_development.voicelabel", "pk": 5, "fields": {"name": "Thank you for using this service", "description": ""}}, {"model": "service_development.voicelabel", "pk": 6, "fields": {"name": "Wow, it must be a really boring guy!", "description": ""}}, {"model": "service_development.voicelabel", "pk": 7, "fields": {"name": "French language", "description": ""}}, {"model": "service_development.voicelabel", "pk": 8, "fields": {"name": "Please select your language", "description": ""}}, {"model": "service_development.voicelabel", "pk": 9, "fields": {"name": "Pre Choice Option", "description": ""}}, {"model": "service_development.voicelabel", "pk": 10, "fields": {"name": "Post Choice Option", "description": ""}}, {"model": "service_development.voicelabel", "pk": 11, "fields": {"name": "One", "description": ""}}, {"model": "service_development.voicelabel", "pk": 12, "fields": {"name": "Two", "description": ""}}, {"model": "service_development.voicelabel", "pk": 13, "fields": {"name": "Three", "description": ""}}, {"model": "service_development.voicelabel", "pk": 14, "fields": {"name": "Four", "description": ""}}, {"model": "service_development.voicelabel", "pk": 15, "fields": {"name": "Five", "description": ""}}, {"model": "service_development.voicelabel", "pk": 16, "fields": {"name": "Six", "description": ""}}, {"model": "service_development.voicelabel", "pk": 17, "fields": {"name": "Seven", "description": ""}}, {"model": "service_development.voicelabel", "pk": 18, "fields": {"name": "Eight", "description": ""}}, {"model": "service_development.voicelabel", "pk": 19, "fields": {"name": "Nine", "description": ""}}, {"model": "service_development.voicelabel", "pk": 20, "fields": {"name": "Zero", "description": ""}}, {"model": "service_development.voicelabel", "pk": 21, "fields": {"name": "Yes", "description": ""}}, {"model": "service_development.voicelabel", "pk": 22, "fields": {"name": "No", "description": ""}}, {"model": "service_development.voicelabel", "pk": 23, "fields": {"name": "Does the king like to drink beer?", "description": ""}}, {"model": "service_development.voicelabel", "pk": 25, "fields": {"name": "Please speak your message", "description": ""}}, {"model": "service_development.voicelabel", "pk": 26, "fields": {"name": "00 - If yes press 1", "description": "If yes press 1"}}, {"model": "service_development.voicelabel", "pk": 27, "fields": {"name": "00 - If no press 2", "description": "If no press 2"}}, {"model": "service_development.voicelabel", "pk": 28, "fields": {"name": "00 - For Chickens Press 1", "description": "For Chickens Press 1"}}, {"model": "service_development.voicelabel", "pk": 29, "fields": {"name": "00 - For Fowls Press 2", "description": "For fowls press 2"}}, {"model": "service_development.voicelabel", "pk": 30, "fields": {"name": "00 - For Ducks Press 3", "description": "For ducks press 3"}}, {"model": "service_development.voicelabel", "pk": 31, "fields": {"name": "00 - For Turkeys Press 4", "description": "For turkeys press 4"}}, {"model": "service_development.voicelabel", "pk": 32, "fields": {"name": "00 - For veterinarian 1 press 1", "description": "For veterinarian 1 press 1"}}, {"model": "service_development.voicelabel", "pk": 33, "fields": {"name": "00 - For veterinarian 2 press 2", "description": "For veterinarian 2 press 2"}}, {"model": "service_development.voicelabel", "pk": 34, "fields": {"name": "00 - For veterinarian 3 press 3", "description": "For veterinarian 3 press 3"}}, {"model": "service_development.voicelabel", "pk": 35, "fields": {"name": "00 - Suffers from Fowl Pox", "description": "Your animal suffers from Fowl Pox"}}, {"model": "service_development.voicelabel", "pk": 36, "fields": {"name": "00 - Suffers from Mareks", "description": "Animal suffers from Marek's Disease."}}, {"model": "service_development.voicelabel", "pk": 37, "fields": {"name": "00 - Suffers from Infectious Bursal", "description": "Animal suffers from Bursal Disease."}}, {"model": "service_development.voicelabel", "pk": 38, "fields": {"name": "00 - Suffers from New Castle", "description": "Animal suffers from Newcastle Disease."}}, {"model": "service_development.voicelabel", "pk": 39, "fields": {"name": "00 - New Castle Info", "description": "Newcastle Disease Info"}}, {"model": "service_development.voicelabel", "pk": 40, "fields": {"name": "00 - Fowl Pox Info", "description": "Fowl Pox Info"}}, {"model": "service_development.voicelabel", "pk": 41, "fields": {"name": "00 - Mareks Info", "description": "Mareks Disease Info"}}, {"model": "service_development.voicelabel", "pk": 42, "fields": {"name": "00 - Bursal Info", "description": "Infectious Bursal Disease Info"}}, {"model": "service_development.voicelabel", "pk": 43, "fields": {"name": "00 - Veterinarian 1 Info", "description": "Veterinarian 1 has 2 years experience."}}, {"model": "service_development.voicelabel", "pk": 44, "fields": {"name": "00 - Veterinarian 2 Info", "description": "Veterinarian\t2 has 5 years working experience and a tarif of 10 Ghanaian Cedi per hour."}}, {"model": "service_development.voicelabel", "pk": 45, "fields": {"name": "00 - Veterinarian 3 Info", "description": "Veterinarian 3 has 15 years working experience and a tarif of 10 Ghanaian Cedi per hour."}}, {"model": "service_development.voicelabel", "pk": 46, "fields": {"name": "00 - Do you want to contact a veterinarian?", "description": "Do you want to contact a veterinarian?"}}, {"model": "service_development.voicelabel", "pk": 47, "fields": {"name": "00 - Put through Veterinarian 1", "description": "Put through veterinarian 1"}}, {"model": "service_development.voicelabel", "pk": 48, "fields": {"name": "00 - Put through Veterinarian 2", "description": "Put through veterinarian 2"}}, {"model": "service_development.voicelabel", "pk": 49, "fields": {"name": "00 - Put through Veterinarian 3", "description": "Put through veterinarian 3"}}, {"model": "service_development.voicelabel", "pk": 50, "fields": {"name": "00 - Ruffled feathers?", "description": "Does the animal have ruffled feathers?"}}, {"model": "service_development.voicelabel", "pk": 51, "fields": {"name": "00 - Watery and green diarrhea?", "description": "Does the animal have watery and green diarrhea?"}}, {"model": "service_development.voicelabel", "pk": 52, "fields": {"name": "00 - Abnormally shaking head?", "description": "Is the animal abnormally shaking its head?"}}, {"model": "service_development.voicelabel", "pk": 53, "fields": {"name": "00 - Drinking and eating less than normal?", "description": "Is the animal drinking and eating less than normal?"}}, {"model": "service_development.voicelabel", "pk": 54, "fields": {"name": "00 - Sneezing?", "description": "Is the animal sneezing?"}}, {"model": "service_development.voicelabel", "pk": 55, "fields": {"name": "00 - Lameness or blindness?", "description": "Is the animal suffering from lameness and or blindness?"}}, {"model": "service_development.voicelabel", "pk": 56, "fields": {"name": "00 - Warts or scrabs?", "description": "Is the animal suffering from warts and or scabs on his body?"}}, {"model": "service_development.voicelabel", "pk": 57, "fields": {"name": "00 - Message veterinarian 1", "description": "Message Veterinarian 1"}}, {"model": "service_development.voicelabel", "pk": 58, "fields": {"name": "00 - Message veterinarian 2", "description": "Message veterinarian 2"}}, {"model": "service_development.voicelabel", "pk": 59, "fields": {"name": "00 - Message veterinarian 3", "description": "Message veterinarian 3"}}, {"model": "service_development.voicelabel", "pk": 60, "fields": {"name": "00 - No diagnosis", "description": "No diagnosis"}}, {"model": "service_development.voicelabel", "pk": 61, "fields": {"name": "00 - Please hold the line", "description": "Please hold the line as we put you through."}}, {"model": "service_development.voicelabel", "pk": 62, "fields": {"name": "00 - Please select your animal", "description": "Please select your animal."}}, {"model": "service_development.voicelabel", "pk": 63, "fields": {"name": "00 - Thank you", "description": "Thank you"}}, {"model": "service_development.voicelabel", "pk": 64, "fields": {"name": "00 - Thank you for contacting poultryvet", "description": "Thank you for contacting PoultryVet."}}, {"model": "service_development.voicelabel", "pk": 65, "fields": {"name": "00 - This phone call will be terminated", "description": "This phone call now will be terminated."}}, {"model": "service_development.voicelabel", "pk": 66, "fields": {"name": "00 - We are going to ask a couple of questions", "description": "We now are going to ask  a couple of questions to diagnose the disease of your animal."}}, {"model": "service_development.voicelabel", "pk": 67, "fields": {"name": "00 - Welcome to poultryvet", "description": "Welcome to PoultryVet."}}, {"model": "service_development.voicelabel", "pk": 68, "fields": {"name": "00 - You can choose from 3 veterinarians", "description": "You can choose from 3 veterinarians."}}, {"model": "service_development.voicelabel", "pk": 69, "fields": {"name": "00 - You want to contact a veterinarian", "description": "You want to contact a veterinarian."}}, {"model": "service_development.voicelabel", "pk": 70, "fields": {"name": "00 - To listen to Newcastle info press 1", "description": "If you want to listen to info about new castle press 1"}}, {"model": "service_development.voicelabel", "pk": 71, "fields": {"name": "00 - To listen to Fowl Pox info press 1", "description": "If you want to listen to info about fowl pox press 1"}}, {"model": "service_development.voicelabel", "pk": 72, "fields": {"name": "00 - To listen to Mareks info press 1", "description": "If you want to listen to info about Mareks press 1"}}, {"model": "service_development.voicelabel", "pk": 73, "fields": {"name": "00 - To listen to Bursal info press 1", "description": "If you want to listen to info about infectious brusal press 1"}}, {"model": "service_development.voicelabel", "pk": 74, "fields": {"name": "00 - If you want to contact a vet, press 2", "description": "If you want to contact a veterinarian press 2"}}, {"model": "service_development.voicelabel", "pk": 75, "fields": {"name": "00 - If you dont want to contact a vet, press 3", "description": "If you dont want to contact a veterinarian press 3"}}, {"model": "service_development.voicelabel", "pk": 108, "fields": {"name": "00 - To listen to Fowl Pox info press 1", "description": "If you want to listen to info about fowl pox press 1"}}, {"model": "service_development.language", "pk": 2, "fields": {"name": "English", "code": "en", "voice_label": 4, "error_message": 2, "select_language": 8, "pre_choice_option": 9, "post_choice_option": 10, "one": 11, "two": 12, "three": 13, "four": 14, "five": 15, "six": 16, "seven": 17, "eight": 18, "nine": 19, "zero": 20}}, {"model": "service_development.voicefragment", "pk": 1, "fields": {"parent": 6, "language": 2, "audio": "boring_guy_en.wav"}}, {"model": "service_development.voicefragment", "pk": 7, "fields": {"parent": 22, "language": 2, "audio": "no_en.wav"}}, {"model": "service_development.voicefragment", "pk": 10, "fields": {"parent": 21, "language": 2, "audio": "yes_en.wav"}}, {"model": "service_development.voicefragment", "pk": 13, "fields": {"parent": 20, "language": 2, "audio": "0_en.wav"}}, {"model": "service_development.voicefragment", "pk": 16, "fields": {"parent": 19, "language": 2, "audio": "9_fr.wav"}}, {"model": "service_development.voicefragment", "pk": 19, "fields": {"parent": 18, "language": 2, "audio": "8_en.wav"}}, {"model": "service_development.voicefragment", "pk": 22, "fields": {"parent": 17, "language": 2, "audio": "7_en.wav"}}, {"model": "service_development.voicefragment", "pk": 25, "fields": {"parent": 16, "language": 2, "audio": "6_en.wav"}}, {"model": "service_development.voicefragment", "pk": 28, "fields": {"parent": 15, "language": 2, "audio": "5_en.wav"}}, {"model": "service_development.voicefragment", "pk": 31, "fields": {"parent": 14, "language": 2, "audio": "4_fr.wav"}}, {"model": "service_development.voicefragment", "pk": 34, "fields": {"parent": 13, "language": 2, "audio": "3_en.wav"}}, {"model": "service_development.voicefragment", "pk": 37, "fields": {"parent": 12, "language": 2, "audio": "2_en.wav"}}, {"model": "service_development.voicefragment", "pk": 40, "fields": {"parent": 11, "language": 2, "audio": "1_en.wav"}}, {"model": "service_development.voicefragment", "pk": 43, "fields": {"parent": 10, "language": 2, "audio": "post_choice_option_en.wav"}}, {"model": "service_development.voicefragment", "pk": 46, "fields": {"parent": 9, "language": 2, "audio": "pre_choice_option_en.wav"}}, {"model": "service_development.voicefragment", "pk": 49, "fields": {"parent": 8, "language": 2, "audio": "select_language_en.wav"}}, {"model": "service_development.voicefragment", "pk": 52, "fields": {"parent": 7, "language": 2, "audio": "french_en.wav"}}, {"model": "service_development.voicefragment", "pk": 56, "fields": {"parent": 5, "language": 2, "audio": "thank_you_for_using_en.wav"}}, {"model": "service_development.voicefragment", "pk": 59, "fields": {"parent": 4, "language": 2, "audio": "english_en.wav"}}, {"model": "service_development.voicefragment", "pk": 62, "fields": {"parent": 3, "language": 2, "audio": "truth_en.wav"}}, {"model": "service_development.voicefragment", "pk": 65, "fields": {"parent": 2, "language": 2, "audio": "error_en.wav"}}, {"model": "service_development.voicefragment", "pk": 68, "fields": {"parent": 1, "language": 2, "audio": "dutch_en.wav"}}, {"model": "service_development.voicefragment", "pk": 71, "fields": {"parent": 23, "language": 2, "audio": "king_question_en.wav"}}, {"model": "service_development.voicefragment", "pk": 75, "fields": {"parent": 26, "language": 2, "audio": "If_yes_press_1.wav"}}, {"model": "service_development.voicefragment", "pk": 76, "fields": {"parent": 27, "language": 2, "audio": "If_no_press_2.wav"}}, {"model": "service_development.voicefragment", "pk": 77, "fields": {"parent": 28, "language": 2, "audio": "For_chickens_press_1.wav"}}, {"model": "service_development.voicefragment", "pk": 78, "fields": {"parent": 29, "language": 2, "audio": "For_fowls_press_2.wav"}}, {"model": "service_development.voicefragment", "pk": 79, "fields": {"parent": 30, "language": 2, "audio": "For_ducks_press_3.wav"}}, {"model": "service_development.voicefragment", "pk": 80, "fields": {"parent": 31, "language": 2, "audio": "For_turkeys_press_4.wav"}}, {"model": "service_development.voicefragment", "pk": 81, "fields": {"parent": 32, "language": 2, "audio": "For_veterinarian_1_press_1.wav"}}, {"model": "service_development.voicefragment", "pk": 82, "fields": {"parent": 33, "language": 2, "audio": "For_veterinarian_2_press_2.wav"}}, {"model": "service_development.voicefragment", "pk": 83, "fields": {"parent": 34, "language": 2, "audio": "For_veterinarian_3_press_3.wav"}}, {"model": "service_development.voicefragment", "pk": 84, "fields": {"parent": 35, "language": 2, "audio": "Fowl_Pox.wav"}}, {"model": "service_development.voicefragment", "pk": 85, "fields": {"parent": 36, "language": 2, "audio": "Mareks_Disease.wav"}}, {"model": "service_development.voicefragment", "pk": 86, "fields": {"parent": 37, "language": 2, "audio": "Infectious_Bursal.wav"}}, {"model": "service_development.voicefragment", "pk": 87, "fields": {"parent": 38, "language": 2, "audio": "Newcastle_Disease.wav"}}, {"model": "service_development.voicefragment", "pk": 88, "fields": {"parent": 39, "language": 2, "audio": "New_castle_info.wav"}}, {"model": "service_development.voicefragment", "pk": 89, "fields": {"parent": 40, "language": 2, "audio": "Fowl_pox_info.wav"}}, {"model": "service_development.voicefragment", "pk": 90, "fields": {"parent": 41, "language": 2, "audio": "Mareks_info.wav"}}, {"model": "service_development.voicefragment", "pk": 91, "fields": {"parent": 42, "language": 2, "audio": "Infectious_bursal_info.wav"}}, {"model": "service_development.voicefragment", "pk": 92, "fields": {"parent": 43, "language": 2, "audio": "Veterinarian_1_has.wav"}}, {"model": "service_development.voicefragment", "pk": 93, "fields": {"parent": 44, "language": 2, "audio": "Veterinarian_2_has.wav"}}, {"model": "service_development.voicefragment", "pk": 94, "fields": {"parent": 45, "language": 2, "audio": "Veterinarian_3_has.wav"}}, {"model": "service_development.voicefragment", "pk": 95, "fields": {"parent": 46, "language": 2, "audio": "Do_you_want_to_contact_a_veterinarian.wav"}}, {"model": "service_development.voicefragment", "pk": 96, "fields": {"parent": 47, "language": 2, "audio": "Put_through_veterinarian_1.wav"}}, {"model": "service_development.voicefragment", "pk": 97, "fields": {"parent": 48, "language": 2, "audio": "Put_through_veterinarian_2.wav"}}, {"model": "service_development.voicefragment", "pk": 98, "fields": {"parent": 49, "language": 2, "audio": "Put_through_veterinarian_3.wav"}}, {"model": "service_development.voicefragment", "pk": 99, "fields": {"parent": 50, "language": 2, "audio": "Does_the_animal_has_ruffled_feathers.wav"}}, {"model": "service_development.voicefragment", "pk": 100, "fields": {"parent": 51, "language": 2, "audio": "Does_the_animal_has_watery_and_green_diarrhea.wav"}}, {"model": "service_development.voicefragment", "pk": 101, "fields": {"parent": 52, "language": 2, "audio": "Is_the_animal_abnormally_shaking_its_head.wav"}}, {"model": "service_development.voicefragment", "pk": 102, "fields": {"parent": 53, "language": 2, "audio": "Is_the_animal_drinking_and_eating_less_than_normal.wav"}}, {"model": "service_development.voicefragment", "pk": 103, "fields": {"parent": 54, "language": 2, "audio": "Is_the_animal_sneezing.wav"}}, {"model": "service_development.voicefragment", "pk": 104, "fields": {"parent": 55, "language": 2, "audio": "Is_the_animal_suffering_from_lameness_and_or_blindness.wav"}}, {"model": "service_development.voicefragment", "pk": 105, "fields": {"parent": 56, "language": 2, "audio": "Is_the_animal_suffering_from_warts_and_or_scabs_on_his_body.wav"}}, {"model": "service_development.voicefragment", "pk": 106, "fields": {"parent": 57, "language": 2, "audio": "Message_veterinarian_1.wav"}}, {"model": "service_development.voicefragment", "pk": 107, "fields": {"parent": 58, "language": 2, "audio": "Message_veterinarian_2.wav"}}, {"model": "service_development.voicefragment", "pk": 108, "fields": {"parent": 59, "language": 2, "audio": "Message_veterinarian_3.wav"}}, {"model": "service_development.voicefragment", "pk": 109, "fields": {"parent": 60, "language": 2, "audio": "No_diagnosis.wav"}}, {"model": "service_development.voicefragment", "pk": 110, "fields": {"parent": 61, "language": 2, "audio": "Please_hold_the_line_as_we_put_you_through.wav"}}, {"model": "service_development.voicefragment", "pk": 111, "fields": {"parent": 62, "language": 2, "audio": "Please_select_your_animal.wav"}}, {"model": "service_development.voicefragment", "pk": 112, "fields": {"parent": 63, "language": 2, "audio": "Thank_you.wav"}}, {"model": "service_development.voicefragment", "pk": 113, "fields": {"parent": 64, "language": 2, "audio": "Thank_you_for_contacting_PoultryVet.wav"}}, {"model": "service_development.voicefragment", "pk": 114, "fields": {"parent": 65, "language": 2, "audio": "This_phone_call_now_will_be_terminated.wav"}}, {"model": "service_development.voicefragment", "pk": 115, "fields": {"parent": 66, "language": 2, "audio": "We_are_going_to_ask_a_couple_of_questions.wav"}}, {"model": "service_development.voicefragment", "pk": 116, "fields": {"parent": 67, "language": 2, "audio": "Welcome_to_PoultryVet.wav"}}, {"model": "service_development.voicefragment", "pk": 117, "fields": {"parent": 68, "language": 2, "audio": "You_can_choose_from_3_veterinarians.wav"}}, {"model": "service_development.voicefragment", "pk": 118, "fields": {"parent": 69, "language": 2, "audio": "You_want_to_contact_a_veterinarian.wav"}}, {"model": "service_development.voicefragment", "pk": 119, "fields": {"parent": 70, "language": 2, "audio": "Menu9_A_Newcastle_Disease.wav"}}, {"model": "service_development.voicefragment", "pk": 120, "fields": {"parent": 71, "language": 2, "audio": "Menu10_A_Fowl_Pox.wav"}}, {"model": "service_development.voicefragment", "pk": 121, "fields": {"parent": 72, "language": 2, "audio": "Menu12_A_Mareks_Disease.wav"}}, {"model": "service_development.voicefragment", "pk": 122, "fields": {"parent": 73, "language": 2, "audio": "Menu11_A_Infectious_Bursal_Disease.wav"}}, {"model": "service_development.voicefragment", "pk": 123, "fields": {"parent": 74, "language": 2, "audio": "If_you_want_to_contact_a_veterinarian_press_2.wav"}}, {"model": "service_development.voicefragment", "pk": 124, "fields": {"parent": 75, "language": 2, "audio": "If_you_dont_want_to_contact_a_veterinarian_press_3.wav"}}, {"model": "service_development.voicefragment", "pk": 157, "fields": {"parent": 108, "language": 2, "audio": "Menu10_A_Fowl_Pox_x5Z5gnQ.wav"}}, {"model": "service_development.voiceservicesubelement", "pk": 8, "fields": {"service": 1, "creation_date": "2018-05-21T08:06:29.542Z", "modification_date": "2018-05-21T18:45:52.818Z", "name": "ME - Welcome to PoultryVet", "description": "Welcome to PoultryVet", "voice_label": 67}}, {"model": "service_development.voiceservicesubelement", "pk": 9, "fields": {"service": 1, "creation_date": "2018-05-21T08:07:00.514Z", "modification_date": "2018-05-21T08:22:50.074Z", "name": "ME - Thank you", "description": "Thank you", "voice_label": 63}}, {"model": "service_development.voiceservicesubelement", "pk": 10, "fields": {"service": 1, "creation_date": "2018-05-21T08:07:24.065Z", "modification_date": "2018-05-21T08:29:50.129Z", "name": "ME - We now are going to ask a couple of questions.", "description": "We now are going to ask  a couple of questions to diagnose the disease of your animal.", "voice_label": 66}}, {"model": "service_development.voiceservicesubelement", "pk": 11, "fields": {"service": 1, "creation_date": "2018-05-21T08:08:14.077Z", "modification_date": "2018-05-21T08:43:39.820Z", "name": "ME - Thank you for contacting PoultryVet", "description": "Thank you for contacting PoultryVet.", "voice_label": 64}}, {"model": "service_development.voiceservicesubelement", "pk": 12, "fields": {"service": 1, "creation_date": "2018-05-21T08:08:48.312Z", "modification_date": "2018-05-21T08:08:48.312Z", "name": "ME - This call will now be terminated", "description": "This phone call now will be terminated.", "voice_label": 65}}, {"model": "service_development.voiceservicesubelement", "pk": 17, "fields": {"service": 1, "creation_date": "2018-05-21T08:13:23.995Z", "modification_date": "2018-05-21T19:02:44.048Z", "name": "ME - Newcastle info", "description": "Newcastle Disease Info", "voice_label": 39}}, {"model": "service_development.voiceservicesubelement", "pk": 18, "fields": {"service": 1, "creation_date": "2018-05-21T08:13:59.443Z", "modification_date": "2018-05-21T19:02:53.571Z", "name": "ME - Fowl Pox Info", "description": "Fowl Pox Info", "voice_label": 40}}, {"model": "service_development.voiceservicesubelement", "pk": 19, "fields": {"service": 1, "creation_date": "2018-05-21T08:14:41.582Z", "modification_date": "2018-05-21T19:03:02.535Z", "name": "ME - Mareks info", "description": "Mareks Disease Info", "voice_label": 41}}, {"model": "service_development.voiceservicesubelement", "pk": 20, "fields": {"service": 1, "creation_date": "2018-05-21T08:15:11.030Z", "modification_date": "2018-05-21T19:03:11.189Z", "name": "ME - Infectious Bursal info", "description": "Infectious Bursal Disease Info", "voice_label": 42}}, {"model": "service_development.voiceservicesubelement", "pk": 22, "fields": {"service": 1, "creation_date": "2018-05-21T08:19:39.245Z", "modification_date": "2018-05-21T19:13:25.849Z", "name": "ME - Please hold the line", "description": "Please hold the line as we put you through.", "voice_label": 61}}, {"model": "service_development.voiceservicesubelement", "pk": 23, "fields": {"service": 1, "creation_date": "2018-05-21T08:22:21.104Z", "modification_date": "2018-05-21T08:22:21.104Z", "name": "CE - Please select your animal", "description": "Please select your animal.", "voice_label": 62}}, {"model": "service_development.voiceservicesubelement", "pk": 24, "fields": {"service": 1, "creation_date": "2018-05-21T08:22:21.112Z", "modification_date": "2018-05-21T08:22:21.112Z", "name": "1", "description": "Chickens", "voice_label": 28}}, {"model": "service_development.voiceservicesubelement", "pk": 25, "fields": {"service": 1, "creation_date": "2018-05-21T08:22:21.132Z", "modification_date": "2018-05-21T08:22:21.132Z", "name": "2", "description": "Fowls", "voice_label": 29}}, {"model": "service_development.voiceservicesubelement", "pk": 26, "fields": {"service": 1, "creation_date": "2018-05-21T08:22:21.132Z", "modification_date": "2018-05-21T08:22:21.136Z", "name": "3", "description": "Ducks", "voice_label": 30}}, {"model": "service_development.voiceservicesubelement", "pk": 27, "fields": {"service": 1, "creation_date": "2018-05-21T08:22:21.136Z", "modification_date": "2018-05-21T08:22:21.136Z", "name": "4", "description": "Turkeys", "voice_label": 31}}, {"model": "service_development.voiceservicesubelement", "pk": 28, "fields": {"service": 1, "creation_date": "2018-05-21T08:24:20.055Z", "modification_date": "2018-05-21T08:30:58.629Z", "name": "CE - Is the animal sneezing?", "description": "Is the animal sneezing?", "voice_label": 54}}, {"model": "service_development.voiceservicesubelement", "pk": 29, "fields": {"service": 1, "creation_date": "2018-05-21T08:24:20.059Z", "modification_date": "2018-05-21T08:30:58.633Z", "name": "1", "description": "Yes", "voice_label": 26}}, {"model": "service_development.voiceservicesubelement", "pk": 30, "fields": {"service": 1, "creation_date": "2018-05-21T08:24:20.063Z", "modification_date": "2018-05-21T08:30:58.633Z", "name": "2", "description": "No", "voice_label": 27}}, {"model": "service_development.voiceservicesubelement", "pk": 31, "fields": {"service": 1, "creation_date": "2018-05-21T08:25:09.350Z", "modification_date": "2018-05-21T08:48:30.043Z", "name": "CE - Is the animal abnormally shaking its head?", "description": "Is the animal abnormally shaking its head?", "voice_label": 52}}, {"model": "service_development.voiceservicesubelement", "pk": 32, "fields": {"service": 1, "creation_date": "2018-05-21T08:25:09.358Z", "modification_date": "2018-05-21T08:48:30.047Z", "name": "1", "description": "Yes", "voice_label": 26}}, {"model": "service_development.voiceservicesubelement", "pk": 33, "fields": {"service": 1, "creation_date": "2018-05-21T08:25:09.362Z", "modification_date": "2018-05-21T08:48:30.051Z", "name": "2", "description": "No", "voice_label": 27}}, {"model": "service_development.voiceservicesubelement", "pk": 34, "fields": {"service": 1, "creation_date": "2018-05-21T08:25:50.295Z", "modification_date": "2018-05-21T08:49:37.886Z", "name": "CE - Is the animal drinking and eating less than normal?", "description": "Is the animal drinking and eating less than normal?", "voice_label": 53}}, {"model": "service_development.voiceservicesubelement", "pk": 35, "fields": {"service": 1, "creation_date": "2018-05-21T08:25:50.303Z", "modification_date": "2018-05-21T08:49:37.889Z", "name": "1", "description": "Yes", "voice_label": 26}}, {"model": "service_development.voiceservicesubelement", "pk": 36, "fields": {"service": 1, "creation_date": "2018-05-21T08:25:50.307Z", "modification_date": "2018-05-21T08:49:37.892Z", "name": "2", "description": "No", "voice_label": 27}}, {"model": "service_development.voiceservicesubelement", "pk": 37, "fields": {"service": 1, "creation_date": "2018-05-21T08:26:37.678Z", "modification_date": "2018-05-21T19:01:11.785Z", "name": "CE - Is the animal suffering from lameness and or blindness?", "description": "Is the animal suffering from lameness and or blindness?", "voice_label": 55}}, {"model": "service_development.voiceservicesubelement", "pk": 38, "fields": {"service": 1, "creation_date": "2018-05-21T08:26:37.682Z", "modification_date": "2018-05-21T19:01:11.787Z", "name": "1", "description": "Yes", "voice_label": 26}}, {"model": "service_development.voiceservicesubelement", "pk": 39, "fields": {"service": 1, "creation_date": "2018-05-21T08:26:37.686Z", "modification_date": "2018-05-21T08:47:25.026Z", "name": "2", "description": "No", "voice_label": 27}}, {"model": "service_development.voiceservicesubelement", "pk": 40, "fields": {"service": 1, "creation_date": "2018-05-21T08:27:37.586Z", "modification_date": "2018-05-21T19:00:47.949Z", "name": "CE - Is the animal suffering from warts and or scabs on his body?", "description": "Is the animal suffering from warts and or scabs on his body?", "voice_label": 56}}, {"model": "service_development.voiceservicesubelement", "pk": 41, "fields": {"service": 1, "creation_date": "2018-05-21T08:27:37.594Z", "modification_date": "2018-05-21T19:00:47.952Z", "name": "1", "description": "Yes", "voice_label": 26}}, {"model": "service_development.voiceservicesubelement", "pk": 42, "fields": {"service": 1, "creation_date": "2018-05-21T08:27:37.598Z", "modification_date": "2018-05-21T08:46:55.565Z", "name": "2", "description": "No", "voice_label": 27}}, {"model": "service_development.voiceservicesubelement", "pk": 43, "fields": {"service": 1, "creation_date": "2018-05-21T08:28:27.218Z", "modification_date": "2018-05-21T19:00:03.612Z", "name": "CE - Does the animal has ruffled feathers?", "description": "Does the animal has ruffled feathers?", "voice_label": 50}}, {"model": "service_development.voiceservicesubelement", "pk": 44, "fields": {"service": 1, "creation_date": "2018-05-21T08:28:27.222Z", "modification_date": "2018-05-21T19:00:03.615Z", "name": "1", "description": "Yes", "voice_label": 26}}, {"model": "service_development.voiceservicesubelement", "pk": 45, "fields": {"service": 1, "creation_date": "2018-05-21T08:28:27.226Z", "modification_date": "2018-05-21T08:46:26.568Z", "name": "2", "description": "No", "voice_label": 27}}, {"model": "service_development.voiceservicesubelement", "pk": 46, "fields": {"service": 1, "creation_date": "2018-05-21T08:29:18.917Z", "modification_date": "2018-05-21T08:31:39.020Z", "name": "CE - Does your animal has watery and green diarrhea?", "description": "Does the animal have watery and green diarrhea?", "voice_label": 51}}, {"model": "service_development.voiceservicesubelement", "pk": 47, "fields": {"service": 1, "creation_date": "2018-05-21T08:29:18.921Z", "modification_date": "2018-05-21T08:31:39.024Z", "name": "1", "description": "Yes", "voice_label": 26}}, {"model": "service_development.voiceservicesubelement", "pk": 48, "fields": {"service": 1, "creation_date": "2018-05-21T08:29:18.925Z", "modification_date": "2018-05-21T08:31:39.028Z", "name": "2", "description": "No", "voice_label": 27}}, {"model": "service_development.voiceservicesubelement", "pk": 49, "fields": {"service": 1, "creation_date": "2018-05-21T08:36:22.159Z", "modification_date": "2018-05-21T19:07:43.933Z", "name": "ME - No diagnosis", "description": "No diagnosis", "voice_label": 60}}, {"model": "service_development.voiceservicesubelement", "pk": 50, "fields": {"service": 1, "creation_date": "2018-05-21T08:37:23.794Z", "modification_date": "2018-05-21T08:45:29.396Z", "name": "CE - Do you want to contact a veterinarian?", "description": "Do you want to contact a veterinarian?", "voice_label": 46}}, {"model": "service_development.voiceservicesubelement", "pk": 51, "fields": {"service": 1, "creation_date": "2018-05-21T08:37:23.798Z", "modification_date": "2018-05-21T08:45:29.400Z", "name": "1", "description": "Yes", "voice_label": 26}}, {"model": "service_development.voiceservicesubelement", "pk": 52, "fields": {"service": 1, "creation_date": "2018-05-21T08:37:23.802Z", "modification_date": "2018-05-21T08:45:29.400Z", "name": "2", "description": "No", "voice_label": 27}}, {"model": "service_development.voiceservicesubelement", "pk": 53, "fields": {"service": 1, "creation_date": "2018-05-21T08:39:02.517Z", "modification_date": "2018-05-21T19:14:22.437Z", "name": "CE - Choose from 3 veterinarians", "description": "You can choose from 3 veterinarians.", "voice_label": 45}}, {"model": "service_development.voiceservicesubelement", "pk": 54, "fields": {"service": 1, "creation_date": "2018-05-21T08:39:02.525Z", "modification_date": "2018-05-21T19:14:22.441Z", "name": "1", "description": "Veterinarian 1", "voice_label": 32}}, {"model": "service_development.voiceservicesubelement", "pk": 55, "fields": {"service": 1, "creation_date": "2018-05-21T08:39:02.525Z", "modification_date": "2018-05-21T19:14:22.444Z", "name": "2", "description": "Veterinarian 2", "voice_label": 33}}, {"model": "service_development.voiceservicesubelement", "pk": 56, "fields": {"service": 1, "creation_date": "2018-05-21T08:39:02.529Z", "modification_date": "2018-05-21T19:14:22.446Z", "name": "3", "description": "Veterinarian 3", "voice_label": 34}}, {"model": "service_development.voiceservicesubelement", "pk": 57, "fields": {"service": 1, "creation_date": "2018-05-21T08:41:16.121Z", "modification_date": "2018-05-21T19:05:18.804Z", "name": "ME - Veterinarian 1 Info", "description": "Veterinarian 1 has 2 years experience.", "voice_label": 43}}, {"model": "service_development.voiceservicesubelement", "pk": 58, "fields": {"service": 1, "creation_date": "2018-05-21T08:41:55.032Z", "modification_date": "2018-05-21T19:07:22.911Z", "name": "ME - Veterinarian 2 Info", "description": "Veterinarian 2 has 5 years working experience and a tarif of 10 Ghanaian Cedi per hour", "voice_label": 44}}, {"model": "service_development.voiceservicesubelement", "pk": 60, "fields": {"service": 1, "creation_date": "2018-05-21T08:56:23.275Z", "modification_date": "2018-05-21T18:51:47.983Z", "name": "CE - Animal suffers from Fowl Pox", "description": "Animal suffers from Fowl Pox.", "voice_label": 35}}, {"model": "service_development.voiceservicesubelement", "pk": 61, "fields": {"service": 1, "creation_date": "2018-05-21T08:56:23.283Z", "modification_date": "2018-05-21T18:51:47.986Z", "name": "1", "description": "Listen to disease info", "voice_label": 71}}, {"model": "service_development.voiceservicesubelement", "pk": 62, "fields": {"service": 1, "creation_date": "2018-05-21T08:56:23.287Z", "modification_date": "2018-05-21T18:51:47.989Z", "name": "2", "description": "Contact a veterinarian", "voice_label": 74}}, {"model": "service_development.voiceservicesubelement", "pk": 63, "fields": {"service": 1, "creation_date": "2018-05-21T08:56:23.287Z", "modification_date": "2018-05-21T18:51:47.991Z", "name": "3", "description": "No info, No veterinarian", "voice_label": 75}}, {"model": "service_development.voiceservicesubelement", "pk": 64, "fields": {"service": 1, "creation_date": "2018-05-21T18:54:43.917Z", "modification_date": "2018-05-21T18:54:43.917Z", "name": "CE - Animal suffers from Mareks", "description": "Animal suffers from Marek's Disease.", "voice_label": 36}}, {"model": "service_development.voiceservicesubelement", "pk": 65, "fields": {"service": 1, "creation_date": "2018-05-21T18:54:43.928Z", "modification_date": "2018-05-21T18:54:43.928Z", "name": "1", "description": "Mareks info", "voice_label": 72}}, {"model": "service_development.voiceservicesubelement", "pk": 66, "fields": {"service": 1, "creation_date": "2018-05-21T18:54:43.930Z", "modification_date": "2018-05-21T18:54:43.930Z", "name": "2", "description": "Contact a veterinarian", "voice_label": 74}}, {"model": "service_development.voiceservicesubelement", "pk": 67, "fields": {"service": 1, "creation_date": "2018-05-21T18:54:43.932Z", "modification_date": "2018-05-21T18:54:43.932Z", "name": "3", "description": "No info, No veterinarian", "voice_label": 75}}, {"model": "service_development.voiceservicesubelement", "pk": 68, "fields": {"service": 1, "creation_date": "2018-05-21T18:57:01.351Z", "modification_date": "2018-05-21T18:57:01.351Z", "name": "CE - Animal suffers from Newcastle", "description": "Animal suffers from Newcastle Disease.", "voice_label": 38}}, {"model": "service_development.voiceservicesubelement", "pk": 69, "fields": {"service": 1, "creation_date": "2018-05-21T18:57:01.355Z", "modification_date": "2018-05-21T18:57:01.355Z", "name": "1", "description": "Newcastle info", "voice_label": 70}}, {"model": "service_development.voiceservicesubelement", "pk": 70, "fields": {"service": 1, "creation_date": "2018-05-21T18:57:01.358Z", "modification_date": "2018-05-21T18:57:01.358Z", "name": "2", "description": "Contact a veterinarian", "voice_label": 74}}, {"model": "service_development.voiceservicesubelement", "pk": 71, "fields": {"service": 1, "creation_date": "2018-05-21T18:57:01.360Z", "modification_date": "2018-05-21T18:57:01.360Z", "name": "3", "description": "No info, No veterinarian", "voice_label": 75}}, {"model": "service_development.voiceservicesubelement", "pk": 72, "fields": {"service": 1, "creation_date": "2018-05-21T18:59:13.378Z", "modification_date": "2018-05-21T18:59:13.378Z", "name": "CE - Animal suffers from Bursal", "description": "Animal suffers from Bursal Disease.", "voice_label": 37}}, {"model": "service_development.voiceservicesubelement", "pk": 73, "fields": {"service": 1, "creation_date": "2018-05-21T18:59:13.381Z", "modification_date": "2018-05-21T18:59:13.381Z", "name": "1", "description": "Infectious info", "voice_label": 73}}, {"model": "service_development.voiceservicesubelement", "pk": 74, "fields": {"service": 1, "creation_date": "2018-05-21T18:59:13.384Z", "modification_date": "2018-05-21T18:59:13.384Z", "name": "2", "description": "Contact a veterinarian", "voice_label": 74}}, {"model": "service_development.voiceservicesubelement", "pk": 75, "fields": {"service": 1, "creation_date": "2018-05-21T18:59:13.387Z", "modification_date": "2018-05-21T18:59:13.387Z", "name": "3", "description": "No info, No veterinarian", "voice_label": 75}}, {"model": "service_development.voiceservicesubelement", "pk": 76, "fields": {"service": 1, "creation_date": "2018-05-21T19:11:10.169Z", "modification_date": "2018-05-21T19:12:41.120Z", "name": "ME - Put through veterinarian 1", "description": "Put through veterinarian 1", "voice_label": 47}}, {"model": "service_development.voiceservicesubelement", "pk": 77, "fields": {"service": 1, "creation_date": "2018-05-21T19:11:34.732Z", "modification_date": "2018-05-21T19:13:07.210Z", "name": "ME - Put through veterinarian 2", "description": "Put through veterinarian 2", "voice_label": 48}}, {"model": "service_development.voiceservicesubelement", "pk": 78, "fields": {"service": 1, "creation_date": "2018-05-21T19:11:58.366Z", "modification_date": "2018-05-21T19:13:17.460Z", "name": "ME - Put through veterinarian 3", "description": "Put through veterinarian 3", "voice_label": 49}}, {"model": "service_development.voiceserviceelement", "pk": 8, "fields": {}}, {"model": "service_development.voiceserviceelement", "pk": 9, "fields": {}}, {"model": "service_development.voiceserviceelement", "pk": 10, "fields": {}}, {"model": "service_development.voiceserviceelement", "pk": 11, "fields": {}}, {"model": "service_development.voiceserviceelement", "pk": 12, "fields": {}}, {"model": "service_development.voiceserviceelement", "pk": 17, "fields": {}}, {"model": "service_development.voiceserviceelement", "pk": 18, "fields": {}}, {"model": "service_development.voiceserviceelement", "pk": 19, "fields": {}}, {"model": "service_development.voiceserviceelement", "pk": 20, "fields": {}}, {"model": "service_development.voiceserviceelement", "pk": 22, "fields": {}}, {"model": "service_development.voiceserviceelement", "pk": 23, "fields": {}}, {"model": "service_development.voiceserviceelement", "pk": 28, "fields": {}}, {"model": "service_development.voiceserviceelement", "pk": 31, "fields": {}}, {"model": "service_development.voiceserviceelement", "pk": 34, "fields": {}}, {"model": "service_development.voiceserviceelement", "pk": 37, "fields": {}}, {"model": "service_development.voiceserviceelement", "pk": 40, "fields": {}}, {"model": "service_development.voiceserviceelement", "pk": 43, "fields": {}}, {"model": "service_development.voiceserviceelement", "pk": 46, "fields": {}}, {"model": "service_development.voiceserviceelement", "pk": 49, "fields": {}}, {"model": "service_development.voiceserviceelement", "pk": 50, "fields": {}}, {"model": "service_development.voiceserviceelement", "pk": 53, "fields": {}}, {"model": "service_development.voiceserviceelement", "pk": 57, "fields": {}}, {"model": "service_development.voiceserviceelement", "pk": 58, "fields": {}}, {"model": "service_development.voiceserviceelement", "pk": 60, "fields": {}}, {"model": "service_development.voiceserviceelement", "pk": 64, "fields": {}}, {"model": "service_development.voiceserviceelement", "pk": 68, "fields": {}}, {"model": "service_development.voiceserviceelement", "pk": 72, "fields": {}}, {"model": "service_development.voiceserviceelement", "pk": 76, "fields": {}}, {"model": "service_development.voiceserviceelement", "pk": 77, "fields": {}}, {"model": "service_development.voiceserviceelement", "pk": 78, "fields": {}}, {"model": "service_development.voiceservice", "pk": 1, "fields": {"name": "PoultryVet", "description": "PoultryVet App", "creation_date": "2017-04-23T19:23:52.392Z", "modification_date": "2018-05-21T08:18:14.673Z", "active": true, "_start_element": 8, "registration": "preferred", "registration_language": false, "registration_name": false, "supported_languages": [2]}}, {"model": "service_development.kasadakauser", "pk": 1, "fields": {"caller_id": "456", "first_name": "Henk", "last_name": "Ernia", "creation_date": "2018-02-02T11:10:27.670Z", "modification_date": "2018-02-12T14:44:24.019Z", "language": null, "service": 1}}, {"model": "service_development.choice", "pk": 23, "fields": {}}, {"model": "service_development.choice", "pk": 28, "fields": {}}, {"model": "service_development.choice", "pk": 31, "fields": {}}, {"model": "service_development.choice", "pk": 34, "fields": {}}, {"model": "service_development.choice", "pk": 37, "fields": {}}, {"model": "service_development.choice", "pk": 40, "fields": {}}, {"model": "service_development.choice", "pk": 43, "fields": {}}, {"model": "service_development.choice", "pk": 46, "fields": {}}, {"model": "service_development.choice", "pk": 50, "fields": {}}, {"model": "service_development.choice", "pk": 53, "fields": {}}, {"model": "service_development.choice", "pk": 60, "fields": {}}, {"model": "service_development.choice", "pk": 64, "fields": {}}, {"model": "service_development.choice", "pk": 68, "fields": {}}, {"model": "service_development.choice", "pk": 72, "fields": {}}, {"model": "service_development.choiceoption", "pk": 24, "fields": {"parent": 23, "_redirect": 9}}, {"model": "service_development.choiceoption", "pk": 25, "fields": {"parent": 23, "_redirect": 9}}, {"model": "service_development.choiceoption", "pk": 26, "fields": {"parent": 23, "_redirect": 9}}, {"model": "service_development.choiceoption", "pk": 27, "fields": {"parent": 23, "_redirect": 9}}, {"model": "service_development.choiceoption", "pk": 29, "fields": {"parent": 28, "_redirect": 46}}, {"model": "service_development.choiceoption", "pk": 30, "fields": {"parent": 28, "_redirect": 34}}, {"model": "service_development.choiceoption", "pk": 32, "fields": {"parent": 31, "_redirect": 17}}, {"model": "service_development.choiceoption", "pk": 33, "fields": {"parent": 31, "_redirect": 49}}, {"model": "service_development.choiceoption", "pk": 35, "fields": {"parent": 34, "_redirect": 43}}, {"model": "service_development.choiceoption", "pk": 36, "fields": {"parent": 34, "_redirect": 37}}, {"model": "service_development.choiceoption", "pk": 38, "fields": {"parent": 37, "_redirect": 64}}, {"model": "service_development.choiceoption", "pk": 39, "fields": {"parent": 37, "_redirect": 49}}, {"model": "service_development.choiceoption", "pk": 41, "fields": {"parent": 40, "_redirect": 60}}, {"model": "service_development.choiceoption", "pk": 42, "fields": {"parent": 40, "_redirect": 49}}, {"model": "service_development.choiceoption", "pk": 44, "fields": {"parent": 43, "_redirect": 72}}, {"model": "service_development.choiceoption", "pk": 45, "fields": {"parent": 43, "_redirect": 49}}, {"model": "service_development.choiceoption", "pk": 47, "fields": {"parent": 46, "_redirect": 31}}, {"model": "service_development.choiceoption", "pk": 48, "fields": {"parent": 46, "_redirect": 40}}, {"model": "service_development.choiceoption", "pk": 51, "fields": {"parent": 50, "_redirect": 53}}, {"model": "service_development.choiceoption", "pk": 52, "fields": {"parent": 50, "_redirect": 11}}, {"model": "service_development.choiceoption", "pk": 54, "fields": {"parent": 53, "_redirect": 76}}, {"model": "service_development.choiceoption", "pk": 55, "fields": {"parent": 53, "_redirect": 77}}, {"model": "service_development.choiceoption", "pk": 56, "fields": {"parent": 53, "_redirect": 78}}, {"model": "service_development.choiceoption", "pk": 61, "fields": {"parent": 60, "_redirect": 18}}, {"model": "service_development.choiceoption", "pk": 62, "fields": {"parent": 60, "_redirect": 53}}, {"model": "service_development.choiceoption", "pk": 63, "fields": {"parent": 60, "_redirect": 11}}, {"model": "service_development.choiceoption", "pk": 65, "fields": {"parent": 64, "_redirect": 19}}, {"model": "service_development.choiceoption", "pk": 66, "fields": {"parent": 64, "_redirect": 53}}, {"model": "service_development.choiceoption", "pk": 67, "fields": {"parent": 64, "_redirect": 11}}, {"model": "service_development.choiceoption", "pk": 69, "fields": {"parent": 68, "_redirect": 17}}, {"model": "service_development.choiceoption", "pk": 70, "fields": {"parent": 68, "_redirect": 53}}, {"model": "service_development.choiceoption", "pk": 71, "fields": {"parent": 68, "_redirect": 11}}, {"model": "service_development.choiceoption", "pk": 73, "fields": {"parent": 72, "_redirect": 20}}, {"model": "service_development.choiceoption", "pk": 74, "fields": {"parent": 72, "_redirect": 53}}, {"model": "service_development.choiceoption", "pk": 75, "fields": {"parent": 72, "_redirect": 11}}, {"model": "service_development.messagepresentation", "pk": 8, "fields": {"final_element": false, "_redirect": 23}}, {"model": "service_development.messagepresentation", "pk": 9, "fields": {"final_element": false, "_redirect": 10}}, {"model": "service_development.messagepresentation", "pk": 10, "fields": {"final_element": false, "_redirect": 28}}, {"model": "service_development.messagepresentation", "pk": 11, "fields": {"final_element": false, "_redirect": 12}}, {"model": "service_development.messagepresentation", "pk": 12, "fields": {"final_element": true, "_redirect": null}}, {"model": "service_development.messagepresentation", "pk": 17, "fields": {"final_element": false, "_redirect": 50}}, {"model": "service_development.messagepresentation", "pk": 18, "fields": {"final_element": false, "_redirect": 50}}, {"model": "service_development.messagepresentation", "pk": 19, "fields": {"final_element": false, "_redirect": 50}}, {"model": "service_development.messagepresentation", "pk": 20, "fields": {"final_element": false, "_redirect": 50}}, {"model": "service_development.messagepresentation", "pk": 22, "fields": {"final_element": true, "_redirect": null}}, {"model": "service_development.messagepresentation", "pk": 49, "fields": {"final_element": false, "_redirect": 50}}, {"model": "service_development.messagepresentation", "pk": 57, "fields": {"final_element": false, "_redirect": 58}}, {"model": "service_development.messagepresentation", "pk": 58, "fields": {"final_element": false, "_redirect": 53}}, {"model": "service_development.messagepresentation", "pk": 76, "fields": {"final_element": false, "_redirect": 22}}, {"model": "service_development.messagepresentation", "pk": 77, "fields": {"final_element": false, "_redirect": 22}}, {"model": "service_development.messagepresentation", "pk": 78, "fields": {"final_element": false, "_redirect": 22}}, {"model": "contenttypes.contenttype", "pk": 1, "fields": {"app_label": "service_development", "model": "callsession"}}, {"model": "contenttypes.contenttype", "pk": 2, "fields": {"app_label": "service_development", "model": "callsessionstep"}}, {"model": "contenttypes.contenttype", "pk": 3, "fields": {"app_label": "service_development", "model": "kasadakauser"}}, {"model": "contenttypes.contenttype", "pk": 4, "fields": {"app_label": "service_development", "model": "language"}}, {"model": "contenttypes.contenttype", "pk": 5, "fields": {"app_label": "service_development", "model": "spokenuserinput"}}, {"model": "contenttypes.contenttype", "pk": 6, "fields": {"app_label": "service_development", "model": "userinputcategory"}}, {"model": "contenttypes.contenttype", "pk": 7, "fields": {"app_label": "service_development", "model": "voicefragment"}}, {"model": "contenttypes.contenttype", "pk": 8, "fields": {"app_label": "service_development", "model": "voicelabel"}}, {"model": "contenttypes.contenttype", "pk": 9, "fields": {"app_label": "service_development", "model": "voiceservice"}}, {"model": "contenttypes.contenttype", "pk": 10, "fields": {"app_label": "service_development", "model": "voiceservicesubelement"}}, {"model": "contenttypes.contenttype", "pk": 11, "fields": {"app_label": "service_development", "model": "choiceoption"}}, {"model": "contenttypes.contenttype", "pk": 12, "fields": {"app_label": "service_development", "model": "voiceserviceelement"}}, {"model": "contenttypes.contenttype", "pk": 13, "fields": {"app_label": "service_development", "model": "choice"}}, {"model": "contenttypes.contenttype", "pk": 14, "fields": {"app_label": "service_development", "model": "messagepresentation"}}, {"model": "contenttypes.contenttype", "pk": 15, "fields": {"app_label": "service_development", "model": "record"}}, {"model": "contenttypes.contenttype", "pk": 16, "fields": {"app_label": "admin", "model": "logentry"}}, {"model": "contenttypes.contenttype", "pk": 17, "fields": {"app_label": "auth", "model": "permission"}}, {"model": "contenttypes.contenttype", "pk": 18, "fields": {"app_label": "auth", "model": "group"}}, {"model": "contenttypes.contenttype", "pk": 19, "fields": {"app_label": "auth", "model": "user"}}, {"model": "contenttypes.contenttype", "pk": 20, "fields": {"app_label": "contenttypes", "model": "contenttype"}}, {"model": "contenttypes.contenttype", "pk": 21, "fields": {"app_label": "sessions", "model": "session"}}, {"model": "sessions.session", "pk": "fw7jvhj83q16imr7bc7pn03exp2urh0n", "fields": {"session_data": "NDhhYzU4MzY2ZGIzNzk4Y2RlNjc2MzM4YzQzMzJhYmFmMjg4NTNiMjp7Il9hdXRoX3VzZXJfaWQiOiIxIiwiX2F1dGhfdXNlcl9iYWNrZW5kIjoiZGphbmdvLmNvbnRyaWIuYXV0aC5iYWNrZW5kcy5Nb2RlbEJhY2tlbmQiLCJfYXV0aF91c2VyX2hhc2giOiJjMDhjOGMyOTBlOGE4ODIwOTEzNmIzMDVmMTMzMzk1MDY5NGJjN2MyIn0=", "expire_date": "2018-06-03T19:28:06.847Z"}}, {"model": "auth.permission", "pk": 1, "fields": {"name": "Can add Call Session", "content_type": 1, "codename": "add_callsession"}}, {"model": "auth.permission", "pk": 2, "fields": {"name": "Can change Call Session", "content_type": 1, "codename": "change_callsession"}}, {"model": "auth.permission", "pk": 3, "fields": {"name": "Can delete Call Session", "content_type": 1, "codename": "delete_callsession"}}, {"model": "auth.permission", "pk": 4, "fields": {"name": "Can add Call Session Step", "content_type": 2, "codename": "add_callsessionstep"}}, {"model": "auth.permission", "pk": 5, "fields": {"name": "Can change Call Session Step", "content_type": 2, "codename": "change_callsessionstep"}}, {"model": "auth.permission", "pk": 6, "fields": {"name": "Can delete Call Session Step", "content_type": 2, "codename": "delete_callsessionstep"}}, {"model": "auth.permission", "pk": 7, "fields": {"name": "Can add KasaDaka User", "content_type": 3, "codename": "add_kasadakauser"}}, {"model": "auth.permission", "pk": 8, "fields": {"name": "Can change KasaDaka User", "content_type": 3, "codename": "change_kasadakauser"}}, {"model": "auth.permission", "pk": 9, "fields": {"name": "Can delete KasaDaka User", "content_type": 3, "codename": "delete_kasadakauser"}}, {"model": "auth.permission", "pk": 10, "fields": {"name": "Can add Language", "content_type": 4, "codename": "add_language"}}, {"model": "auth.permission", "pk": 11, "fields": {"name": "Can change Language", "content_type": 4, "codename": "change_language"}}, {"model": "auth.permission", "pk": 12, "fields": {"name": "Can delete Language", "content_type": 4, "codename": "delete_language"}}, {"model": "auth.permission", "pk": 13, "fields": {"name": "Can add Spoken User Input", "content_type": 5, "codename": "add_spokenuserinput"}}, {"model": "auth.permission", "pk": 14, "fields": {"name": "Can change Spoken User Input", "content_type": 5, "codename": "change_spokenuserinput"}}, {"model": "auth.permission", "pk": 15, "fields": {"name": "Can delete Spoken User Input", "content_type": 5, "codename": "delete_spokenuserinput"}}, {"model": "auth.permission", "pk": 16, "fields": {"name": "Can add User Input Category", "content_type": 6, "codename": "add_userinputcategory"}}, {"model": "auth.permission", "pk": 17, "fields": {"name": "Can change User Input Category", "content_type": 6, "codename": "change_userinputcategory"}}, {"model": "auth.permission", "pk": 18, "fields": {"name": "Can delete User Input Category", "content_type": 6, "codename": "delete_userinputcategory"}}, {"model": "auth.permission", "pk": 19, "fields": {"name": "Can add Voice Fragment", "content_type": 7, "codename": "add_voicefragment"}}, {"model": "auth.permission", "pk": 20, "fields": {"name": "Can change Voice Fragment", "content_type": 7, "codename": "change_voicefragment"}}, {"model": "auth.permission", "pk": 21, "fields": {"name": "Can delete Voice Fragment", "content_type": 7, "codename": "delete_voicefragment"}}, {"model": "auth.permission", "pk": 22, "fields": {"name": "Can add Voice Label", "content_type": 8, "codename": "add_voicelabel"}}, {"model": "auth.permission", "pk": 23, "fields": {"name": "Can change Voice Label", "content_type": 8, "codename": "change_voicelabel"}}, {"model": "auth.permission", "pk": 24, "fields": {"name": "Can delete Voice Label", "content_type": 8, "codename": "delete_voicelabel"}}, {"model": "auth.permission", "pk": 25, "fields": {"name": "Can add Voice Service", "content_type": 9, "codename": "add_voiceservice"}}, {"model": "auth.permission", "pk": 26, "fields": {"name": "Can change Voice Service", "content_type": 9, "codename": "change_voiceservice"}}, {"model": "auth.permission", "pk": 27, "fields": {"name": "Can delete Voice Service", "content_type": 9, "codename": "delete_voiceservice"}}, {"model": "auth.permission", "pk": 28, "fields": {"name": "Can add Voice Service Sub-Element", "content_type": 10, "codename": "add_voiceservicesubelement"}}, {"model": "auth.permission", "pk": 29, "fields": {"name": "Can change Voice Service Sub-Element", "content_type": 10, "codename": "change_voiceservicesubelement"}}, {"model": "auth.permission", "pk": 30, "fields": {"name": "Can delete Voice Service Sub-Element", "content_type": 10, "codename": "delete_voiceservicesubelement"}}, {"model": "auth.permission", "pk": 31, "fields": {"name": "Can add Voice Service", "content_type": 11, "codename": "add_choiceoption"}}, {"model": "auth.permission", "pk": 32, "fields": {"name": "Can change Voice Service", "content_type": 11, "codename": "change_choiceoption"}}, {"model": "auth.permission", "pk": 33, "fields": {"name": "Can delete Voice Service", "content_type": 11, "codename": "delete_choiceoption"}}, {"model": "auth.permission", "pk": 34, "fields": {"name": "Can add Voice Service Element", "content_type": 12, "codename": "add_voiceserviceelement"}}, {"model": "auth.permission", "pk": 35, "fields": {"name": "Can change Voice Service Element", "content_type": 12, "codename": "change_voiceserviceelement"}}, {"model": "auth.permission", "pk": 36, "fields": {"name": "Can delete Voice Service Element", "content_type": 12, "codename": "delete_voiceserviceelement"}}, {"model": "auth.permission", "pk": 37, "fields": {"name": "Can add Choice Element", "content_type": 13, "codename": "add_choice"}}, {"model": "auth.permission", "pk": 38, "fields": {"name": "Can change Choice Element", "content_type": 13, "codename": "change_choice"}}, {"model": "auth.permission", "pk": 39, "fields": {"name": "Can delete Choice Element", "content_type": 13, "codename": "delete_choice"}}, {"model": "auth.permission", "pk": 40, "fields": {"name": "Can add Message Presentation Element", "content_type": 14, "codename": "add_messagepresentation"}}, {"model": "auth.permission", "pk": 41, "fields": {"name": "Can change Message Presentation Element", "content_type": 14, "codename": "change_messagepresentation"}}, {"model": "auth.permission", "pk": 42, "fields": {"name": "Can delete Message Presentation Element", "content_type": 14, "codename": "delete_messagepresentation"}}, {"model": "auth.permission", "pk": 43, "fields": {"name": "Can add Spoken Input Element", "content_type": 15, "codename": "add_record"}}, {"model": "auth.permission", "pk": 44, "fields": {"name": "Can change Spoken Input Element", "content_type": 15, "codename": "change_record"}}, {"model": "auth.permission", "pk": 45, "fields": {"name": "Can delete Spoken Input Element", "content_type": 15, "codename": "delete_record"}}, {"model": "auth.permission", "pk": 46, "fields": {"name": "Can add log entry", "content_type": 16, "codename": "add_logentry"}}, {"model": "auth.permission", "pk": 47, "fields": {"name": "Can change log entry", "content_type": 16, "codename": "change_logentry"}}, {"model": "auth.permission", "pk": 48, "fields": {"name": "Can delete log entry", "content_type": 16, "codename": "delete_logentry"}}, {"model": "auth.permission", "pk": 49, "fields": {"name": "Can add permission", "content_type": 17, "codename": "add_permission"}}, {"model": "auth.permission", "pk": 50, "fields": {"name": "Can change permission", "content_type": 17, "codename": "change_permission"}}, {"model": "auth.permission", "pk": 51, "fields": {"name": "Can delete permission", "content_type": 17, "codename": "delete_permission"}}, {"model": "auth.permission", "pk": 52, "fields": {"name": "Can add group", "content_type": 18, "codename": "add_group"}}, {"model": "auth.permission", "pk": 53, "fields": {"name": "Can change group", "content_type": 18, "codename": "change_group"}}, {"model": "auth.permission", "pk": 54, "fields": {"name": "Can delete group", "content_type": 18, "codename": "delete_group"}}, {"model": "auth.permission", "pk": 55, "fields": {"name": "Can add user", "content_type": 19, "codename": "add_user"}}, {"model": "auth.permission", "pk": 56, "fields": {"name": "Can change user", "content_type": 19, "codename": "change_user"}}, {"model": "auth.permission", "pk": 57, "fields": {"name": "Can delete user", "content_type": 19, "codename": "delete_user"}}, {"model": "auth.permission", "pk": 58, "fields": {"name": "Can add content type", "content_type": 20, "codename": "add_contenttype"}}, {"model": "auth.permission", "pk": 59, "fields": {"name": "Can change content type", "content_type": 20, "codename": "change_contenttype"}}, {"model": "auth.permission", "pk": 60, "fields": {"name": "Can delete content type", "content_type": 20, "codename": "delete_contenttype"}}, {"model": "auth.permission", "pk": 61, "fields": {"name": "Can add session", "content_type": 21, "codename": "add_session"}}, {"model": "auth.permission", "pk": 62, "fields": {"name": "Can change session", "content_type": 21, "codename": "change_session"}}, {"model": "auth.permission", "pk": 63, "fields": {"name": "Can delete session", "content_type": 21, "codename": "delete_session"}}, {"model": "auth.user", "pk": 1, "fields": {"password": "pbkdf2_sha256$100000$PYNI5kCynsjY$YUEexSsvzKtRywS0jUCQjtzSSC6+jmNsqp0MWkun/xE=", "last_login": "2018-05-20T19:28:06.844Z", "is_superuser": true, "username": "admin", "first_name": "", "last_name": "", "email": "yasser.moosavi87@gmail.com", "is_staff": true, "is_active": true, "date_joined": "2018-05-20T19:27:26.033Z", "groups": [], "user_permissions": []}}, {"model": "admin.logentry", "pk": 1, "fields": {"action_time": "2018-05-20T19:28:59.140Z", "user": 1, "content_type": 9, "object_id": "1", "object_repr": "Voice Service: PoultryVet", "action_flag": 2, "change_message": "[{\"changed\": {\"fields\": [\"name\", \"description\", \"active\", \"supported_languages\", \"registration_language\"]}}]"}}, {"model": "admin.logentry", "pk": 2, "fields": {"action_time": "2018-05-20T19:29:16.353Z", "user": 1, "content_type": 14, "object_id": "7", "object_repr": "Message: King is boring", "action_flag": 3, "change_message": ""}}, {"model": "admin.logentry", "pk": 3, "fields": {"action_time": "2018-05-20T19:29:16.384Z", "user": 1, "content_type": 14, "object_id": "6", "object_repr": "Message: Thank you for using this service", "action_flag": 3, "change_message": ""}}, {"model": "admin.logentry", "pk": 4, "fields": {"action_time": "2018-05-20T19:29:16.386Z", "user": 1, "content_type": 14, "object_id": "5", "object_repr": "Message: This is the truth", "action_flag": 3, "change_message": ""}}, {"model": "admin.logentry", "pk": 5, "fields": {"action_time": "2018-05-20T19:29:24.983Z", "user": 1, "content_type": 13, "object_id": "2", "object_repr": "Does the king like to drink beer?", "action_flag": 3, "change_message": ""}}, {"model": "admin.logentry", "pk": 6, "fields": {"action_time": "2018-05-20T19:29:43.016Z", "user": 1, "content_type": 4, "object_id": "3", "object_repr": "Francais (fr)", "action_flag": 3, "change_message": ""}}, {"model": "admin.logentry", "pk": 7, "fields": {"action_time": "2018-05-20T19:29:43.052Z", "user": 1, "content_type": 4, "object_id": "1", "object_repr": "Nederlands (nl)", "action_flag": 3, "change_message": ""}}, {"model": "admin.logentry", "pk": 8, "fields": {"action_time": "2018-05-20T19:31:40.254Z", "user": 1, "content_type": 8, "object_id": "26", "object_repr": "Voice Label: If yes press 1", "action_flag": 1, "change_message": "[{\"added\": {}}, {\"added\": {\"name\": \"Voice Fragment\", \"object\": \"Voice Fragment: (English) If yes press 1\"}}]"}}, {"model": "admin.logentry", "pk": 9, "fields": {"action_time": "2018-05-20T19:32:00.284Z", "user": 1, "content_type": 8, "object_id": "26", "object_repr": "Voice Label: 00 - If yes press 1", "action_flag": 2, "change_message": "[{\"changed\": {\"fields\": [\"name\"]}}]"}}, {"model": "admin.logentry", "pk": 10, "fields": {"action_time": "2018-05-20T19:33:33.924Z", "user": 1, "content_type": 8, "object_id": "27", "object_repr": "Voice Label: 00 - If no press 2", "action_flag": 1, "change_message": "[{\"added\": {}}, {\"added\": {\"name\": \"Voice Fragment\", \"object\": \"Voice Fragment: (English) 00 - If no press 2\"}}]"}}, {"model": "admin.logentry", "pk": 11, "fields": {"action_time": "2018-05-20T19:34:22.479Z", "user": 1, "content_type": 8, "object_id": "28", "object_repr": "Voice Label: 00 - For Chickens Press 1", "action_flag": 1, "change_message": "[{\"added\": {}}, {\"added\": {\"name\": \"Voice Fragment\", \"object\": \"Voice Fragment: (English) 00 - For Chickens Press 1\"}}]"}}, {"model": "admin.logentry", "pk": 12, "fields": {"action_time": "2018-05-20T19:35:03.206Z", "user": 1, "content_type": 8, "object_id": "29", "object_repr": "Voice Label: 00 - For Fowls Press 2", "action_flag": 1, "change_message": "[{\"added\": {}}, {\"added\": {\"name\": \"Voice Fragment\", \"object\": \"Voice Fragment: (English) 00 - For Fowls Press 2\"}}]"}}, {"model": "admin.logentry", "pk": 13, "fields": {"action_time": "2018-05-20T19:35:42.255Z", "user": 1, "content_type": 8, "object_id": "30", "object_repr": "Voice Label: 00 - For Ducks Press 3", "action_flag": 1, "change_message": "[{\"added\": {}}, {\"added\": {\"name\": \"Voice Fragment\", \"object\": \"Voice Fragment: (English) 00 - For Ducks Press 3\"}}]"}}, {"model": "admin.logentry", "pk": 14, "fields": {"action_time": "2018-05-20T19:36:06.366Z", "user": 1, "content_type": 8, "object_id": "31", "object_repr": "Voice Label: 00 - For Turkeys Press 4", "action_flag": 1, "change_message": "[{\"added\": {}}, {\"added\": {\"name\": \"Voice Fragment\", \"object\": \"Voice Fragment: (English) 00 - For Turkeys Press 4\"}}]"}}, {"model": "admin.logentry", "pk": 15, "fields": {"action_time": "2018-05-20T19:37:05.324Z", "user": 1, "content_type": 8, "object_id": "32", "object_repr": "Voice Label: 00 - For veterinarian 1 press 1", "action_flag": 1, "change_message": "[{\"added\": {}}, {\"added\": {\"name\": \"Voice Fragment\", \"object\": \"Voice Fragment: (English) 00 - For veterinarian 1 press 1\"}}]"}}, {"model": "admin.logentry", "pk": 16, "fields": {"action_time": "2018-05-20T19:37:35.105Z", "user": 1, "content_type": 8, "object_id": "33", "object_repr": "Voice Label: 00 - For veterinarian 2 press 2", "action_flag": 1, "change_message": "[{\"added\": {}}, {\"added\": {\"name\": \"Voice Fragment\", \"object\": \"Voice Fragment: (English) 00 - For veterinarian 2 press 2\"}}]"}}, {"model": "admin.logentry", "pk": 17, "fields": {"action_time": "2018-05-20T19:38:00.076Z", "user": 1, "content_type": 8, "object_id": "34", "object_repr": "Voice Label: 00 - For veterinarian 3 press 3", "action_flag": 1, "change_message": "[{\"added\": {}}, {\"added\": {\"name\": \"Voice Fragment\", \"object\": \"Voice Fragment: (English) 00 - For veterinarian 3 press 3\"}}]"}}, {"model": "admin.logentry", "pk": 18, "fields": {"action_time": "2018-05-20T19:39:05.521Z", "user": 1, "content_type": 8, "object_id": "35", "object_repr": "Voice Label: 00 - Suffers from Fowl Pox", "action_flag": 1, "change_message": "[{\"added\": {}}, {\"added\": {\"name\": \"Voice Fragment\", \"object\": \"Voice Fragment: (English) 00 - Suffers from Fowl Pox\"}}]"}}, {"model": "admin.logentry", "pk": 19, "fields": {"action_time": "2018-05-20T19:39:46.632Z", "user": 1, "content_type": 8, "object_id": "36", "object_repr": "Voice Label: 00 - Suffers from Mareks", "action_flag": 1, "change_message": "[{\"added\": {}}, {\"added\": {\"name\": \"Voice Fragment\", \"object\": \"Voice Fragment: (English) 00 - Suffers from Mareks\"}}]"}}, {"model": "admin.logentry", "pk": 20, "fields": {"action_time": "2018-05-20T19:40:28.104Z", "user": 1, "content_type": 8, "object_id": "37", "object_repr": "Voice Label: 00 - Suffers from Infectious Bursal", "action_flag": 1, "change_message": "[{\"added\": {}}, {\"added\": {\"name\": \"Voice Fragment\", \"object\": \"Voice Fragment: (English) 00 - Suffers from Infectious Bursal\"}}]"}}, {"model": "admin.logentry", "pk": 21, "fields": {"action_time": "2018-05-20T19:41:04.069Z", "user": 1, "content_type": 8, "object_id": "38", "object_repr": "Voice Label: 00 - Suffers from New Castle", "action_flag": 1, "change_message": "[{\"added\": {}}, {\"added\": {\"name\": \"Voice Fragment\", \"object\": \"Voice Fragment: (English) 00 - Suffers from New Castle\"}}]"}}, {"model": "admin.logentry", "pk": 22, "fields": {"action_time": "2018-05-20T19:41:48.765Z", "user": 1, "content_type": 8, "object_id": "39", "object_repr": "Voice Label: 00 - New Castle Info", "action_flag": 1, "change_message": "[{\"added\": {}}, {\"added\": {\"name\": \"Voice Fragment\", \"object\": \"Voice Fragment: (English) 00 - New Castle Info\"}}]"}}, {"model": "admin.logentry", "pk": 23, "fields": {"action_time": "2018-05-20T19:42:11.900Z", "user": 1, "content_type": 8, "object_id": "40", "object_repr": "Voice Label: 00 - Fowl Pox Info", "action_flag": 1, "change_message": "[{\"added\": {}}, {\"added\": {\"name\": \"Voice Fragment\", \"object\": \"Voice Fragment: (English) 00 - Fowl Pox Info\"}}]"}}, {"model": "admin.logentry", "pk": 24, "fields": {"action_time": "2018-05-20T19:42:38.135Z", "user": 1, "content_type": 8, "object_id": "41", "object_repr": "Voice Label: 00 - Mareks Info", "action_flag": 1, "change_message": "[{\"added\": {}}, {\"added\": {\"name\": \"Voice Fragment\", \"object\": \"Voice Fragment: (English) 00 - Mareks Info\"}}]"}}, {"model": "admin.logentry", "pk": 25, "fields": {"action_time": "2018-05-20T19:43:08.892Z", "user": 1, "content_type": 8, "object_id": "42", "object_repr": "Voice Label: 00 - Bursal Info", "action_flag": 1, "change_message": "[{\"added\": {}}, {\"added\": {\"name\": \"Voice Fragment\", \"object\": \"Voice Fragment: (English) 00 - Bursal Info\"}}]"}}, {"model": "admin.logentry", "pk": 26, "fields": {"action_time": "2018-05-20T19:44:49.276Z", "user": 1, "content_type": 8, "object_id": "43", "object_repr": "Voice Label: 00 - Veterinarian 1 Info", "action_flag": 1, "change_message": "[{\"added\": {}}, {\"added\": {\"name\": \"Voice Fragment\", \"object\": \"Voice Fragment: (English) 00 - Veterinarian 1 Info\"}}]"}}, {"model": "admin.logentry", "pk": 27, "fields": {"action_time": "2018-05-20T19:45:13.793Z", "user": 1, "content_type": 8, "object_id": "44", "object_repr": "Voice Label: 00 - Veterinarian 2 Info", "action_flag": 1, "change_message": "[{\"added\": {}}, {\"added\": {\"name\": \"Voice Fragment\", \"object\": \"Voice Fragment: (English) 00 - Veterinarian 2 Info\"}}]"}}, {"model": "admin.logentry", "pk": 28, "fields": {"action_time": "2018-05-20T19:45:56.387Z", "user": 1, "content_type": 8, "object_id": "45", "object_repr": "Voice Label: 00 - Veterinarian 3 Info", "action_flag": 1, "change_message": "[{\"added\": {}}, {\"added\": {\"name\": \"Voice Fragment\", \"object\": \"Voice Fragment: (English) 00 - Veterinarian 3 Info\"}}]"}}, {"model": "admin.logentry", "pk": 29, "fields": {"action_time": "2018-05-20T19:46:48.311Z", "user": 1, "content_type": 8, "object_id": "46", "object_repr": "Voice Label: 00 - Do you want to contact a veterinarian?", "action_flag": 1, "change_message": "[{\"added\": {}}, {\"added\": {\"name\": \"Voice Fragment\", \"object\": \"Voice Fragment: (English) 00 - Do you want to contact a veterinarian?\"}}]"}}, {"model": "admin.logentry", "pk": 30, "fields": {"action_time": "2018-05-20T19:49:22.314Z", "user": 1, "content_type": 8, "object_id": "47", "object_repr": "Voice Label: 00 - Put through Veterinarian 1", "action_flag": 1, "change_message": "[{\"added\": {}}, {\"added\": {\"name\": \"Voice Fragment\", \"object\": \"Voice Fragment: (English) 00 - Put through Veterinarian 1\"}}]"}}, {"model": "admin.logentry", "pk": 31, "fields": {"action_time": "2018-05-20T19:49:50.296Z", "user": 1, "content_type": 8, "object_id": "48", "object_repr": "Voice Label: 00 - Put through Veterinarian 2", "action_flag": 1, "change_message": "[{\"added\": {}}, {\"added\": {\"name\": \"Voice Fragment\", \"object\": \"Voice Fragment: (English) 00 - Put through Veterinarian 2\"}}]"}}, {"model": "admin.logentry", "pk": 32, "fields": {"action_time": "2018-05-20T19:50:19.683Z", "user": 1, "content_type": 8, "object_id": "49", "object_repr": "Voice Label: 00 - Put through Veterinarian 3", "action_flag": 1, "change_message": "[{\"added\": {}}, {\"added\": {\"name\": \"Voice Fragment\", \"object\": \"Voice Fragment: (English) 00 - Put through Veterinarian 3\"}}]"}}, {"model": "admin.logentry", "pk": 33, "fields": {"action_time": "2018-05-20T19:51:44.940Z", "user": 1, "content_type": 8, "object_id": "50", "object_repr": "Voice Label: 00 - Ruffled feathers?", "action_flag": 1, "change_message": "[{\"added\": {}}, {\"added\": {\"name\": \"Voice Fragment\", \"object\": \"Voice Fragment: (English) 00 - Ruffled feathers?\"}}]"}}, {"model": "admin.logentry", "pk": 34, "fields": {"action_time": "2018-05-20T19:52:25.352Z", "user": 1, "content_type": 8, "object_id": "51", "object_repr": "Voice Label: 00 - Watery and green diarrhea?", "action_flag": 1, "change_message": "[{\"added\": {}}, {\"added\": {\"name\": \"Voice Fragment\", \"object\": \"Voice Fragment: (English) 00 - Watery and green diarrhea?\"}}]"}}, {"model": "admin.logentry", "pk": 35, "fields": {"action_time": "2018-05-20T19:53:38.663Z", "user": 1, "content_type": 8, "object_id": "52", "object_repr": "Voice Label: 00 - Abnormally shaking head?", "action_flag": 1, "change_message": "[{\"added\": {}}, {\"added\": {\"name\": \"Voice Fragment\", \"object\": \"Voice Fragment: (English) 00 - Abnormally shaking head?\"}}]"}}, {"model": "admin.logentry", "pk": 36, "fields": {"action_time": "2018-05-20T19:54:24.546Z", "user": 1, "content_type": 8, "object_id": "53", "object_repr": "Voice Label: 00 - Drinking and eating less than normal?", "action_flag": 1, "change_message": "[{\"added\": {}}, {\"added\": {\"name\": \"Voice Fragment\", \"object\": \"Voice Fragment: (English) 00 - Drinking and eating less than normal?\"}}]"}}, {"model": "admin.logentry", "pk": 37, "fields": {"action_time": "2018-05-20T19:55:01.893Z", "user": 1, "content_type": 8, "object_id": "54", "object_repr": "Voice Label: 00 - Sneezing?", "action_flag": 1, "change_message": "[{\"added\": {}}, {\"added\": {\"name\": \"Voice Fragment\", \"object\": \"Voice Fragment: (English) 00 - Sneezing?\"}}]"}}, {"model": "admin.logentry", "pk": 38, "fields": {"action_time": "2018-05-20T19:55:45.671Z", "user": 1, "content_type": 8, "object_id": "55", "object_repr": "Voice Label: 00 - Lameness or blindness?", "action_flag": 1, "change_message": "[{\"added\": {}}, {\"added\": {\"name\": \"Voice Fragment\", \"object\": \"Voice Fragment: (English) 00 - Lameness or blindness?\"}}]"}}, {"model": "admin.logentry", "pk": 39, "fields": {"action_time": "2018-05-20T19:56:33.895Z", "user": 1, "content_type": 8, "object_id": "56", "object_repr": "Voice Label: 00 - Warts or scrabs?", "action_flag": 1, "change_message": "[{\"added\": {}}, {\"added\": {\"name\": \"Voice Fragment\", \"object\": \"Voice Fragment: (English) 00 - Warts or scrabs?\"}}]"}}, {"model": "admin.logentry", "pk": 40, "fields": {"action_time": "2018-05-20T19:57:37.232Z", "user": 1, "content_type": 8, "object_id": "57", "object_repr": "Voice Label: 00 - Message veterinarian 1", "action_flag": 1, "change_message": "[{\"added\": {}}, {\"added\": {\"name\": \"Voice Fragment\", \"object\": \"Voice Fragment: (English) 00 - Message veterinarian 1\"}}]"}}, {"model": "admin.logentry", "pk": 41, "fields": {"action_time": "2018-05-20T19:58:01.824Z", "user": 1, "content_type": 8, "object_id": "58", "object_repr": "Voice Label: 00 - Message veterinarian 2", "action_flag": 1, "change_message": "[{\"added\": {}}, {\"added\": {\"name\": \"Voice Fragment\", \"object\": \"Voice Fragment: (English) 00 - Message veterinarian 2\"}}]"}}, {"model": "admin.logentry", "pk": 42, "fields": {"action_time": "2018-05-20T19:58:23.671Z", "user": 1, "content_type": 8, "object_id": "59", "object_repr": "Voice Label: 00 - Message veterinarian 3", "action_flag": 1, "change_message": "[{\"added\": {}}, {\"added\": {\"name\": \"Voice Fragment\", \"object\": \"Voice Fragment: (English) 00 - Message veterinarian 3\"}}]"}}, {"model": "admin.logentry", "pk": 43, "fields": {"action_time": "2018-05-20T19:59:05.757Z", "user": 1, "content_type": 8, "object_id": "60", "object_repr": "Voice Label: 00 - No diagnosis", "action_flag": 1, "change_message": "[{\"added\": {}}, {\"added\": {\"name\": \"Voice Fragment\", \"object\": \"Voice Fragment: (English) 00 - No diagnosis\"}}]"}}, {"model": "admin.logentry", "pk": 44, "fields": {"action_time": "2018-05-20T19:59:37.473Z", "user": 1, "content_type": 8, "object_id": "61", "object_repr": "Voice Label: 00 - Please hold the line", "action_flag": 1, "change_message": "[{\"added\": {}}, {\"added\": {\"name\": \"Voice Fragment\", \"object\": \"Voice Fragment: (English) 00 - Please hold the line\"}}]"}}, {"model": "admin.logentry", "pk": 45, "fields": {"action_time": "2018-05-20T20:00:06.887Z", "user": 1, "content_type": 8, "object_id": "62", "object_repr": "Voice Label: 00 - Please select your animal", "action_flag": 1, "change_message": "[{\"added\": {}}, {\"added\": {\"name\": \"Voice Fragment\", \"object\": \"Voice Fragment: (English) 00 - Please select your animal\"}}]"}}, {"model": "admin.logentry", "pk": 46, "fields": {"action_time": "2018-05-20T20:00:31.310Z", "user": 1, "content_type": 8, "object_id": "63", "object_repr": "Voice Label: 00 - Thank you", "action_flag": 1, "change_message": "[{\"added\": {}}, {\"added\": {\"name\": \"Voice Fragment\", \"object\": \"Voice Fragment: (English) 00 - Thank you\"}}]"}}, {"model": "admin.logentry", "pk": 47, "fields": {"action_time": "2018-05-20T20:00:55.844Z", "user": 1, "content_type": 8, "object_id": "64", "object_repr": "Voice Label: 00 - Thank you for contacting poultryvet", "action_flag": 1, "change_message": "[{\"added\": {}}, {\"added\": {\"name\": \"Voice Fragment\", \"object\": \"Voice Fragment: (English) 00 - Thank you for contacting poultryvet\"}}]"}}, {"model": "admin.logentry", "pk": 48, "fields": {"action_time": "2018-05-20T20:01:24.677Z", "user": 1, "content_type": 8, "object_id": "65", "object_repr": "Voice Label: 00 - This phone call will be terminated", "action_flag": 1, "change_message": "[{\"added\": {}}, {\"added\": {\"name\": \"Voice Fragment\", \"object\": \"Voice Fragment: (English) 00 - This phone call will be terminated\"}}]"}}, {"model": "admin.logentry", "pk": 49, "fields": {"action_time": "2018-05-20T20:01:56.234Z", "user": 1, "content_type": 8, "object_id": "66", "object_repr": "Voice Label: 00 - We are going to ask a couple of questions", "action_flag": 1, "change_message": "[{\"added\": {}}, {\"added\": {\"name\": \"Voice Fragment\", \"object\": \"Voice Fragment: (English) 00 - We are going to ask a couple of questions\"}}]"}}, {"model": "admin.logentry", "pk": 50, "fields": {"action_time": "2018-05-20T20:02:22.879Z", "user": 1, "content_type": 8, "object_id": "67", "object_repr": "Voice Label: 00 - Welcome to poultryvet", "action_flag": 1, "change_message": "[{\"added\": {}}, {\"added\": {\"name\": \"Voice Fragment\", \"object\": \"Voice Fragment: (English) 00 - Welcome to poultryvet\"}}]"}}, {"model": "admin.logentry", "pk": 51, "fields": {"action_time": "2018-05-20T20:02:47.245Z", "user": 1, "content_type": 8, "object_id": "68", "object_repr": "Voice Label: 00 - You can choose from 3 veterinarians", "action_flag": 1, "change_message": "[{\"added\": {}}, {\"added\": {\"name\": \"Voice Fragment\", \"object\": \"Voice Fragment: (English) 00 - You can choose from 3 veterinarians\"}}]"}}, {"model": "admin.logentry", "pk": 52, "fields": {"action_time": "2018-05-20T20:03:11.215Z", "user": 1, "content_type": 8, "object_id": "69", "object_repr": "Voice Label: 00 - You want to contact a veterinarian", "action_flag": 1, "change_message": "[{\"added\": {}}, {\"added\": {\"name\": \"Voice Fragment\", \"object\": \"Voice Fragment: (English) 00 - You want to contact a veterinarian\"}}]"}}, {"model": "admin.logentry", "pk": 53, "fields": {"action_time": "2018-05-20T20:04:31.954Z", "user": 1, "content_type": 8, "object_id": "70", "object_repr": "Voice Label: 00 - To listen to Newcastle info press 1", "action_flag": 1, "change_message": "[{\"added\": {}}, {\"added\": {\"name\": \"Voice Fragment\", \"object\": \"Voice Fragment: (English) 00 - To listen to Newcastle info press 1\"}}]"}}, {"model": "admin.logentry", "pk": 54, "fields": {"action_time": "2018-05-20T20:05:04.437Z", "user": 1, "content_type": 8, "object_id": "71", "object_repr": "Voice Label: 00 - To listen to Fowl Pox info press 1", "action_flag": 1, "change_message": "[{\"added\": {}}, {\"added\": {\"name\": \"Voice Fragment\", \"object\": \"Voice Fragment: (English) 00 - To listen to Fowl Pox info press 1\"}}]"}}, {"model": "admin.logentry", "pk": 55, "fields": {"action_time": "2018-05-20T20:05:35.786Z", "user": 1, "content_type": 8, "object_id": "72", "object_repr": "Voice Label: 00 - To listen to Mareks info press 1", "action_flag": 1, "change_message": "[{\"added\": {}}, {\"added\": {\"name\": \"Voice Fragment\", \"object\": \"Voice Fragment: (English) 00 - To listen to Mareks info press 1\"}}]"}}, {"model": "admin.logentry", "pk": 56, "fields": {"action_time": "2018-05-20T20:06:16.584Z", "user": 1, "content_type": 8, "object_id": "73", "object_repr": "Voice Label: 00 - To listen to Bursal info press 1", "action_flag": 1, "change_message": "[{\"added\": {}}, {\"added\": {\"name\": \"Voice Fragment\", \"object\": \"Voice Fragment: (English) 00 - To listen to Bursal info press 1\"}}]"}}, {"model": "admin.logentry", "pk": 57, "fields": {"action_time": "2018-05-21T08:06:29.690Z", "user": 1, "content_type": 14, "object_id": "8", "object_repr": "Message: ME - Welcome to PoultryVet", "action_flag": 1, "change_message": "[{\"added\": {}}]"}}, {"model": "admin.logentry", "pk": 58, "fields": {"action_time": "2018-05-21T08:07:00.518Z", "user": 1, "content_type": 14, "object_id": "9", "object_repr": "Message: ME - Thank you", "action_flag": 1, "change_message": "[{\"added\": {}}]"}}, {"model": "admin.logentry", "pk": 59, "fields": {"action_time": "2018-05-21T08:07:24.069Z", "user": 1, "content_type": 14, "object_id": "10", "object_repr": "Message: ME - We now are going to ask a couple of questions.", "action_flag": 1, "change_message": "[{\"added\": {}}]"}}, {"model": "admin.logentry", "pk": 60, "fields": {"action_time": "2018-05-21T08:08:14.081Z", "user": 1, "content_type": 14, "object_id": "11", "object_repr": "Message: ME - Thank you for contacting PoultryVet", "action_flag": 1, "change_message": "[{\"added\": {}}]"}}, {"model": "admin.logentry", "pk": 61, "fields": {"action_time": "2018-05-21T08:08:48.320Z", "user": 1, "content_type": 14, "object_id": "12", "object_repr": "Message: ME - This call will now be terminated", "action_flag": 1, "change_message": "[{\"added\": {}}]"}}, {"model": "admin.logentry", "pk": 62, "fields": {"action_time": "2018-05-21T08:10:41.704Z", "user": 1, "content_type": 14, "object_id": "13", "object_repr": "Message: ME - Animal suffers from Fowl Pox", "action_flag": 1, "change_message": "[{\"added\": {}}]"}}, {"model": "admin.logentry", "pk": 63, "fields": {"action_time": "2018-05-21T08:11:18.644Z", "user": 1, "content_type": 14, "object_id": "14", "object_repr": "Message: ME - Animal suffers from Mareks", "action_flag": 1, "change_message": "[{\"added\": {}}]"}}, {"model": "admin.logentry", "pk": 64, "fields": {"action_time": "2018-05-21T08:12:01.812Z", "user": 1, "content_type": 14, "object_id": "15", "object_repr": "Message: ME - Animal suffers from Infectious Bursal", "action_flag": 1, "change_message": "[{\"added\": {}}]"}}, {"model": "admin.logentry", "pk": 65, "fields": {"action_time": "2018-05-21T08:12:28.839Z", "user": 1, "content_type": 14, "object_id": "16", "object_repr": "Message: ME - Animal suffers from Newcastle", "action_flag": 1, "change_message": "[{\"added\": {}}]"}}, {"model": "admin.logentry", "pk": 66, "fields": {"action_time": "2018-05-21T08:13:24.003Z", "user": 1, "content_type": 14, "object_id": "17", "object_repr": "Message: ME - Newcastle info", "action_flag": 1, "change_message": "[{\"added\": {}}]"}}, {"model": "admin.logentry", "pk": 67, "fields": {"action_time": "2018-05-21T08:13:59.447Z", "user": 1, "content_type": 14, "object_id": "18", "object_repr": "Message: ME - Fowl Pox Info", "action_flag": 1, "change_message": "[{\"added\": {}}]"}}, {"model": "admin.logentry", "pk": 68, "fields": {"action_time": "2018-05-21T08:14:41.588Z", "user": 1, "content_type": 14, "object_id": "19", "object_repr": "Message: ME - Mareks info", "action_flag": 1, "change_message": "[{\"added\": {}}]"}}, {"model": "admin.logentry", "pk": 69, "fields": {"action_time": "2018-05-21T08:15:11.038Z", "user": 1, "content_type": 14, "object_id": "20", "object_repr": "Message: ME - Infectious Bursal info", "action_flag": 1, "change_message": "[{\"added\": {}}]"}}, {"model": "admin.logentry", "pk": 70, "fields": {"action_time": "2018-05-21T08:18:14.677Z", "user": 1, "content_type": 9, "object_id": "1", "object_repr": "Voice Service: PoultryVet", "action_flag": 2, "change_message": "[{\"changed\": {\"fields\": [\"_start_element\"]}}]"}}, {"model": "admin.logentry", "pk": 71, "fields": {"action_time": "2018-05-21T08:19:09.737Z", "user": 1, "content_type": 14, "object_id": "21", "object_repr": "Message: ME - Please select your animal", "action_flag": 1, "change_message": "[{\"added\": {}}]"}}, {"model": "admin.logentry", "pk": 72, "fields": {"action_time": "2018-05-21T08:19:39.253Z", "user": 1, "content_type": 14, "object_id": "22", "object_repr": "Message: ME - Please hold the line", "action_flag": 1, "change_message": "[{\"added\": {}}]"}}, {"model": "admin.logentry", "pk": 73, "fields": {"action_time": "2018-05-21T08:22:21.140Z", "user": 1, "content_type": 13, "object_id": "23", "object_repr": "CE - Please select your animal", "action_flag": 1, "change_message": "[{\"added\": {}}, {\"added\": {\"name\": \"Voice Service\", \"object\": \"(CE - Please select your animal): 1\"}}, {\"added\": {\"name\": \"Voice Service\", \"object\": \"(CE - Please select your animal): 2\"}}, {\"added\": {\"name\": \"Voice Service\", \"object\": \"(CE - Please select your animal): 3\"}}, {\"added\": {\"name\": \"Voice Service\", \"object\": \"(CE - Please select your animal): 4\"}}]"}}, {"model": "admin.logentry", "pk": 74, "fields": {"action_time": "2018-05-21T08:22:50.078Z", "user": 1, "content_type": 14, "object_id": "9", "object_repr": "Message: ME - Thank you", "action_flag": 2, "change_message": "[{\"changed\": {\"fields\": [\"_redirect\"]}}]"}}, {"model": "admin.logentry", "pk": 75, "fields": {"action_time": "2018-05-21T08:24:20.067Z", "user": 1, "content_type": 13, "object_id": "28", "object_repr": "CE - Is the animal sneezing?", "action_flag": 1, "change_message": "[{\"added\": {}}, {\"added\": {\"name\": \"Voice Service\", \"object\": \"(CE - Is the animal sneezing?): 1\"}}, {\"added\": {\"name\": \"Voice Service\", \"object\": \"(CE - Is the animal sneezing?): 2\"}}]"}}, {"model": "admin.logentry", "pk": 76, "fields": {"action_time": "2018-05-21T08:25:09.362Z", "user": 1, "content_type": 13, "object_id": "31", "object_repr": "CE - Is the animal abnormally shaking its head?", "action_flag": 1, "change_message": "[{\"added\": {}}, {\"added\": {\"name\": \"Voice Service\", \"object\": \"(CE - Is the animal abnormally shaking its head?): 1\"}}, {\"added\": {\"name\": \"Voice Service\", \"object\": \"(CE - Is the animal abnormally shaking its head?): 2\"}}]"}}, {"model": "admin.logentry", "pk": 77, "fields": {"action_time": "2018-05-21T08:25:50.307Z", "user": 1, "content_type": 13, "object_id": "34", "object_repr": "CE - Is the animal drinking and eating less than normal?", "action_flag": 1, "change_message": "[{\"added\": {}}, {\"added\": {\"name\": \"Voice Service\", \"object\": \"(CE - Is the animal drinking and eating less than normal?): 1\"}}, {\"added\": {\"name\": \"Voice Service\", \"object\": \"(CE - Is the animal drinking and eating less than normal?): 2\"}}]"}}, {"model": "admin.logentry", "pk": 78, "fields": {"action_time": "2018-05-21T08:26:37.690Z", "user": 1, "content_type": 13, "object_id": "37", "object_repr": "CE - Is the animal suffering from lameness and or blindness?", "action_flag": 1, "change_message": "[{\"added\": {}}, {\"added\": {\"name\": \"Voice Service\", \"object\": \"(CE - Is the animal suffering from lameness and or blindness?): 1\"}}, {\"added\": {\"name\": \"Voice Service\", \"object\": \"(CE - Is the animal suffering from lameness and or blindness?): 2\"}}]"}}, {"model": "admin.logentry", "pk": 79, "fields": {"action_time": "2018-05-21T08:27:37.598Z", "user": 1, "content_type": 13, "object_id": "40", "object_repr": "CE - Is the animal suffering from warts and or scabs on his body?", "action_flag": 1, "change_message": "[{\"added\": {}}, {\"added\": {\"name\": \"Voice Service\", \"object\": \"(CE - Is the animal suffering from warts and or scabs on his body?): 1\"}}, {\"added\": {\"name\": \"Voice Service\", \"object\": \"(CE - Is the animal suffering from warts and or scabs on his body?): 2\"}}]"}}, {"model": "admin.logentry", "pk": 80, "fields": {"action_time": "2018-05-21T08:28:27.226Z", "user": 1, "content_type": 13, "object_id": "43", "object_repr": "CE - Does the animal has ruffled feathers?", "action_flag": 1, "change_message": "[{\"added\": {}}, {\"added\": {\"name\": \"Voice Service\", \"object\": \"(CE - Does the animal has ruffled feathers?): 1\"}}, {\"added\": {\"name\": \"Voice Service\", \"object\": \"(CE - Does the animal has ruffled feathers?): 2\"}}]"}}, {"model": "admin.logentry", "pk": 81, "fields": {"action_time": "2018-05-21T08:29:18.925Z", "user": 1, "content_type": 13, "object_id": "46", "object_repr": "CE - Does your animal has watery and green diarrhea?", "action_flag": 1, "change_message": "[{\"added\": {}}, {\"added\": {\"name\": \"Voice Service\", \"object\": \"(CE - Does your animal has watery and green diarrhea?): 1\"}}, {\"added\": {\"name\": \"Voice Service\", \"object\": \"(CE - Does your animal has watery and green diarrhea?): 2\"}}]"}}, {"model": "admin.logentry", "pk": 82, "fields": {"action_time": "2018-05-21T08:29:50.133Z", "user": 1, "content_type": 14, "object_id": "10", "object_repr": "Message: ME - We now are going to ask a couple of questions.", "action_flag": 2, "change_message": "[{\"changed\": {\"fields\": [\"_redirect\"]}}]"}}, {"model": "admin.logentry", "pk": 83, "fields": {"action_time": "2018-05-21T08:30:58.637Z", "user": 1, "content_type": 13, "object_id": "28", "object_repr": "CE - Is the animal sneezing?", "action_flag": 2, "change_message": "[{\"changed\": {\"name\": \"Voice Service\", \"object\": \"(CE - Is the animal sneezing?): 1\", \"fields\": [\"_redirect\"]}}, {\"changed\": {\"name\": \"Voice Service\", \"object\": \"(CE - Is the animal sneezing?): 2\", \"fields\": [\"_redirect\"]}}]"}}, {"model": "admin.logentry", "pk": 84, "fields": {"action_time": "2018-05-21T08:31:39.028Z", "user": 1, "content_type": 13, "object_id": "46", "object_repr": "CE - Does your animal has watery and green diarrhea?", "action_flag": 2, "change_message": "[{\"changed\": {\"name\": \"Voice Service\", \"object\": \"(CE - Does your animal has watery and green diarrhea?): 1\", \"fields\": [\"_redirect\"]}}, {\"changed\": {\"name\": \"Voice Service\", \"object\": \"(CE - Does your animal has watery and green diarrhea?): 2\", \"fields\": [\"_redirect\"]}}]"}}, {"model": "admin.logentry", "pk": 85, "fields": {"action_time": "2018-05-21T08:35:46.260Z", "user": 1, "content_type": 13, "object_id": "43", "object_repr": "CE - Does the animal has ruffled feathers?", "action_flag": 2, "change_message": "[{\"changed\": {\"name\": \"Voice Service\", \"object\": \"(CE - Does the animal has ruffled feathers?): 1\", \"fields\": [\"_redirect\"]}}]"}}, {"model": "admin.logentry", "pk": 86, "fields": {"action_time": "2018-05-21T08:36:22.163Z", "user": 1, "content_type": 14, "object_id": "49", "object_repr": "Message: ME - No diagnosis", "action_flag": 1, "change_message": "[{\"added\": {}}]"}}, {"model": "admin.logentry", "pk": 87, "fields": {"action_time": "2018-05-21T08:37:23.806Z", "user": 1, "content_type": 13, "object_id": "50", "object_repr": "CE - Do you want to contact a veterinarian?", "action_flag": 1, "change_message": "[{\"added\": {}}, {\"added\": {\"name\": \"Voice Service\", \"object\": \"(CE - Do you want to contact a veterinarian?): 1\"}}, {\"added\": {\"name\": \"Voice Service\", \"object\": \"(CE - Do you want to contact a veterinarian?): 2\"}}]"}}, {"model": "admin.logentry", "pk": 88, "fields": {"action_time": "2018-05-21T08:39:02.533Z", "user": 1, "content_type": 13, "object_id": "53", "object_repr": "ME - Choose from 3 veterinarians", "action_flag": 1, "change_message": "[{\"added\": {}}, {\"added\": {\"name\": \"Voice Service\", \"object\": \"(ME - Choose from 3 veterinarians): 1\"}}, {\"added\": {\"name\": \"Voice Service\", \"object\": \"(ME - Choose from 3 veterinarians): 2\"}}, {\"added\": {\"name\": \"Voice Service\", \"object\": \"(ME - Choose from 3 veterinarians): 3\"}}]"}}, {"model": "admin.logentry", "pk": 89, "fields": {"action_time": "2018-05-21T08:39:13.771Z", "user": 1, "content_type": 13, "object_id": "53", "object_repr": "CE - Choose from 3 veterinarians", "action_flag": 2, "change_message": "[{\"changed\": {\"fields\": [\"name\"]}}]"}}, {"model": "admin.logentry", "pk": 90, "fields": {"action_time": "2018-05-21T08:41:16.125Z", "user": 1, "content_type": 14, "object_id": "57", "object_repr": "Message: ME - Veterinarian 1 Info", "action_flag": 1, "change_message": "[{\"added\": {}}]"}}, {"model": "admin.logentry", "pk": 91, "fields": {"action_time": "2018-05-21T08:41:55.036Z", "user": 1, "content_type": 14, "object_id": "58", "object_repr": "Message: ME - Veterinarian 2 Info", "action_flag": 1, "change_message": "[{\"added\": {}}]"}}, {"model": "admin.logentry", "pk": 92, "fields": {"action_time": "2018-05-21T08:42:21.736Z", "user": 1, "content_type": 14, "object_id": "59", "object_repr": "Message: ME - Veterinarian 3 Info", "action_flag": 1, "change_message": "[{\"added\": {}}]"}}, {"model": "admin.logentry", "pk": 93, "fields": {"action_time": "2018-05-21T08:43:39.824Z", "user": 1, "content_type": 14, "object_id": "11", "object_repr": "Message: ME - Thank you for contacting PoultryVet", "action_flag": 2, "change_message": "[{\"changed\": {\"fields\": [\"_redirect\"]}}]"}}, {"model": "admin.logentry", "pk": 94, "fields": {"action_time": "2018-05-21T08:44:36.799Z", "user": 1, "content_type": 13, "object_id": "53", "object_repr": "CE - Choose from 3 veterinarians", "action_flag": 2, "change_message": "[{\"changed\": {\"name\": \"Voice Service\", \"object\": \"(CE - Choose from 3 veterinarians): 1\", \"fields\": [\"_redirect\"]}}, {\"changed\": {\"name\": \"Voice Service\", \"object\": \"(CE - Choose from 3 veterinarians): 2\", \"fields\": [\"_redirect\"]}}, {\"changed\": {\"name\": \"Voice Service\", \"object\": \"(CE - Choose from 3 veterinarians): 3\", \"fields\": [\"_redirect\"]}}]"}}, {"model": "admin.logentry", "pk": 95, "fields": {"action_time": "2018-05-21T08:45:29.404Z", "user": 1, "content_type": 13, "object_id": "50", "object_repr": "CE - Do you want to contact a veterinarian?", "action_flag": 2, "change_message": "[{\"changed\": {\"name\": \"Voice Service\", \"object\": \"(CE - Do you want to contact a veterinarian?): 1\", \"fields\": [\"_redirect\"]}}, {\"changed\": {\"name\": \"Voice Service\", \"object\": \"(CE - Do you want to contact a veterinarian?): 2\", \"fields\": [\"_redirect\"]}}]"}}, {"model": "admin.logentry", "pk": 96, "fields": {"action_time": "2018-05-21T08:46:26.572Z", "user": 1, "content_type": 13, "object_id": "43", "object_repr": "CE - Does the animal has ruffled feathers?", "action_flag": 2, "change_message": "[{\"changed\": {\"name\": \"Voice Service\", \"object\": \"(CE - Does the animal has ruffled feathers?): 2\", \"fields\": [\"_redirect\"]}}]"}}, {"model": "admin.logentry", "pk": 97, "fields": {"action_time": "2018-05-21T08:46:55.569Z", "user": 1, "content_type": 13, "object_id": "40", "object_repr": "CE - Is the animal suffering from warts and or scabs on his body?", "action_flag": 2, "change_message": "[{\"changed\": {\"name\": \"Voice Service\", \"object\": \"(CE - Is the animal suffering from warts and or scabs on his body?): 1\", \"fields\": [\"_redirect\"]}}, {\"changed\": {\"name\": \"Voice Service\", \"object\": \"(CE - Is the animal suffering from warts and or scabs on his body?): 2\", \"fields\": [\"_redirect\"]}}]"}}, {"model": "admin.logentry", "pk": 98, "fields": {"action_time": "2018-05-21T08:47:25.030Z", "user": 1, "content_type": 13, "object_id": "37", "object_repr": "CE - Is the animal suffering from lameness and or blindness?", "action_flag": 2, "change_message": "[{\"changed\": {\"name\": \"Voice Service\", \"object\": \"(CE - Is the animal suffering from lameness and or blindness?): 1\", \"fields\": [\"_redirect\"]}}, {\"changed\": {\"name\": \"Voice Service\", \"object\": \"(CE - Is the animal suffering from lameness and or blindness?): 2\", \"fields\": [\"_redirect\"]}}]"}}, {"model": "admin.logentry", "pk": 99, "fields": {"action_time": "2018-05-21T08:47:47.858Z", "user": 1, "content_type": 13, "object_id": "34", "object_repr": "CE - Is the animal drinking and eating less than normal?", "action_flag": 2, "change_message": "[{\"changed\": {\"name\": \"Voice Service\", \"object\": \"(CE - Is the animal drinking and eating less than normal?): 1\", \"fields\": [\"_redirect\"]}}, {\"changed\": {\"name\": \"Voice Service\", \"object\": \"(CE - Is the animal drinking and eating less than normal?): 2\", \"fields\": [\"_redirect\"]}}]"}}, {"model": "admin.logentry", "pk": 100, "fields": {"action_time": "2018-05-21T08:48:30.055Z", "user": 1, "content_type": 13, "object_id": "31", "object_repr": "CE - Is the animal abnormally shaking its head?", "action_flag": 2, "change_message": "[{\"changed\": {\"name\": \"Voice Service\", \"object\": \"(CE - Is the animal abnormally shaking its head?): 1\", \"fields\": [\"_redirect\"]}}, {\"changed\": {\"name\": \"Voice Service\", \"object\": \"(CE - Is the animal abnormally shaking its head?): 2\", \"fields\": [\"_redirect\"]}}]"}}, {"model": "admin.logentry", "pk": 101, "fields": {"action_time": "2018-05-21T08:49:37.894Z", "user": 1, "content_type": 13, "object_id": "34", "object_repr": "CE - Is the animal drinking and eating less than normal?", "action_flag": 2, "change_message": "[{\"changed\": {\"name\": \"Voice Service\", \"object\": \"(CE - Is the animal drinking and eating less than normal?): 1\", \"fields\": [\"_redirect\"]}}, {\"changed\": {\"name\": \"Voice Service\", \"object\": \"(CE - Is the animal drinking and eating less than normal?): 2\", \"fields\": [\"_redirect\"]}}]"}}, {"model": "admin.logentry", "pk": 102, "fields": {"action_time": "2018-05-21T08:53:28.520Z", "user": 1, "content_type": 14, "object_id": "16", "object_repr": "Message: ME - Animal suffers from Newcastle", "action_flag": 3, "change_message": ""}}, {"model": "admin.logentry", "pk": 103, "fields": {"action_time": "2018-05-21T08:53:28.584Z", "user": 1, "content_type": 14, "object_id": "15", "object_repr": "Message: ME - Animal suffers from Infectious Bursal", "action_flag": 3, "change_message": ""}}, {"model": "admin.logentry", "pk": 104, "fields": {"action_time": "2018-05-21T08:53:28.588Z", "user": 1, "content_type": 14, "object_id": "14", "object_repr": "Message: ME - Animal suffers from Mareks", "action_flag": 3, "change_message": ""}}, {"model": "admin.logentry", "pk": 105, "fields": {"action_time": "2018-05-21T08:53:28.592Z", "user": 1, "content_type": 14, "object_id": "13", "object_repr": "Message: ME - Animal suffers from Fowl Pox", "action_flag": 3, "change_message": ""}}, {"model": "admin.logentry", "pk": 106, "fields": {"action_time": "2018-05-21T08:56:23.291Z", "user": 1, "content_type": 13, "object_id": "60", "object_repr": "CE - Animal suffers from Fowl Pox", "action_flag": 1, "change_message": "[{\"added\": {}}, {\"added\": {\"name\": \"Voice Service\", \"object\": \"(CE - Animal suffers from Fowl Pox): 1\"}}, {\"added\": {\"name\": \"Voice Service\", \"object\": \"(CE - Animal suffers from Fowl Pox): 2\"}}, {\"added\": {\"name\": \"Voice Service\", \"object\": \"(CE - Animal suffers from Fowl Pox): 3\"}}]"}}, {"model": "admin.logentry", "pk": 107, "fields": {"action_time": "2018-05-21T18:30:40.243Z", "user": 1, "content_type": 8, "object_id": "74", "object_repr": "Voice Label: 00 - If you want to contact a vet, press 2", "action_flag": 1, "change_message": "[{\"added\": {}}, {\"added\": {\"name\": \"Voice Fragment\", \"object\": \"Voice Fragment: (English) 00 - If you want to contact a vet, press 2\"}}]"}}, {"model": "admin.logentry", "pk": 108, "fields": {"action_time": "2018-05-21T18:31:26.777Z", "user": 1, "content_type": 8, "object_id": "75", "object_repr": "Voice Label: 00 - If you dont want to contact a vet, press 3", "action_flag": 1, "change_message": "[{\"added\": {}}, {\"added\": {\"name\": \"Voice Fragment\", \"object\": \"Voice Fragment: (English) 00 - If you dont want to contact a vet, press 3\"}}]"}}, {"model": "admin.logentry", "pk": 141, "fields": {"action_time": "2018-05-21T18:44:31.184Z", "user": 1, "content_type": 8, "object_id": "108", "object_repr": "Voice Label: 00 - To listen to Fowl Pox info press 1", "action_flag": 1, "change_message": "[{\"added\": {}}, {\"added\": {\"name\": \"Voice Fragment\", \"object\": \"Voice Fragment: (English) 00 - To listen to Fowl Pox info press 1\"}}]"}}, {"model": "admin.logentry", "pk": 142, "fields": {"action_time": "2018-05-21T18:45:52.832Z", "user": 1, "content_type": 14, "object_id": "8", "object_repr": "Message: ME - Welcome to PoultryVet", "action_flag": 2, "change_message": "[{\"changed\": {\"fields\": [\"_redirect\"]}}]"}}, {"model": "admin.logentry", "pk": 143, "fields": {"action_time": "2018-05-21T18:51:47.994Z", "user": 1, "content_type": 13, "object_id": "60", "object_repr": "CE - Animal suffers from Fowl Pox", "action_flag": 2, "change_message": "[{\"changed\": {\"name\": \"Voice Service\", \"object\": \"(CE - Animal suffers from Fowl Pox): 1\", \"fields\": [\"_redirect\"]}}, {\"changed\": {\"name\": \"Voice Service\", \"object\": \"(CE - Animal suffers from Fowl Pox): 2\", \"fields\": [\"voice_label\", \"_redirect\"]}}, {\"changed\": {\"name\": \"Voice Service\", \"object\": \"(CE - Animal suffers from Fowl Pox): 3\", \"fields\": [\"voice_label\", \"_redirect\"]}}]"}}, {"model": "admin.logentry", "pk": 144, "fields": {"action_time": "2018-05-21T18:54:43.934Z", "user": 1, "content_type": 13, "object_id": "64", "object_repr": "CE - Animal suffers from Mareks", "action_flag": 1, "change_message": "[{\"added\": {}}, {\"added\": {\"name\": \"Voice Service\", \"object\": \"(CE - Animal suffers from Mareks): 1\"}}, {\"added\": {\"name\": \"Voice Service\", \"object\": \"(CE - Animal suffers from Mareks): 2\"}}, {\"added\": {\"name\": \"Voice Service\", \"object\": \"(CE - Animal suffers from Mareks): 3\"}}]"}}, {"model": "admin.logentry", "pk": 145, "fields": {"action_time": "2018-05-21T18:57:01.361Z", "user": 1, "content_type": 13, "object_id": "68", "object_repr": "CE - Animal suffers from Newcastle", "action_flag": 1, "change_message": "[{\"added\": {}}, {\"added\": {\"name\": \"Voice Service\", \"object\": \"(CE - Animal suffers from Newcastle): 1\"}}, {\"added\": {\"name\": \"Voice Service\", \"object\": \"(CE - Animal suffers from Newcastle): 2\"}}, {\"added\": {\"name\": \"Voice Service\", \"object\": \"(CE - Animal suffers from Newcastle): 3\"}}]"}}, {"model": "admin.logentry", "pk": 146, "fields": {"action_time": "2018-05-21T18:59:13.389Z", "user": 1, "content_type": 13, "object_id": "72", "object_repr": "CE - Animal suffers from Bursal", "action_flag": 1, "change_message": "[{\"added\": {}}, {\"added\": {\"name\": \"Voice Service\", \"object\": \"(CE - Animal suffers from Bursal): 1\"}}, {\"added\": {\"name\": \"Voice Service\", \"object\": \"(CE - Animal suffers from Bursal): 2\"}}, {\"added\": {\"name\": \"Voice Service\", \"object\": \"(CE - Animal suffers from Bursal): 3\"}}]"}}, {"model": "admin.logentry", "pk": 147, "fields": {"action_time": "2018-05-21T19:00:03.618Z", "user": 1, "content_type": 13, "object_id": "43", "object_repr": "CE - Does the animal has ruffled feathers?", "action_flag": 2, "change_message": "[{\"changed\": {\"name\": \"Voice Service\", \"object\": \"(CE - Does the animal has ruffled feathers?): 1\", \"fields\": [\"_redirect\"]}}]"}}, {"model": "admin.logentry", "pk": 148, "fields": {"action_time": "2018-05-21T19:00:47.955Z", "user": 1, "content_type": 13, "object_id": "40", "object_repr": "CE - Is the animal suffering from warts and or scabs on his body?", "action_flag": 2, "change_message": "[{\"changed\": {\"name\": \"Voice Service\", \"object\": \"(CE - Is the animal suffering from warts and or scabs on his body?): 1\", \"fields\": [\"_redirect\"]}}]"}}, {"model": "admin.logentry", "pk": 149, "fields": {"action_time": "2018-05-21T19:01:11.789Z", "user": 1, "content_type": 13, "object_id": "37", "object_repr": "CE - Is the animal suffering from lameness and or blindness?", "action_flag": 2, "change_message": "[{\"changed\": {\"name\": \"Voice Service\", \"object\": \"(CE - Is the animal suffering from lameness and or blindness?): 1\", \"fields\": [\"_redirect\"]}}]"}}, {"model": "admin.logentry", "pk": 150, "fields": {"action_time": "2018-05-21T19:02:09.133Z", "user": 1, "content_type": 8, "object_id": "75", "object_repr": "Voice Label: 00 - If you dont want to contact a vet, press 3", "action_flag": 2, "change_message": "[{\"changed\": {\"name\": \"Voice Fragment\", \"object\": \"Voice Fragment: (English) 00 - If you dont want to contact a vet, press 3\", \"fields\": [\"audio\"]}}]"}}, {"model": "admin.logentry", "pk": 151, "fields": {"action_time": "2018-05-21T19:02:44.052Z", "user": 1, "content_type": 14, "object_id": "17", "object_repr": "Message: ME - Newcastle info", "action_flag": 2, "change_message": "[{\"changed\": {\"fields\": [\"_redirect\"]}}]"}}, {"model": "admin.logentry", "pk": 152, "fields": {"action_time": "2018-05-21T19:02:53.574Z", "user": 1, "content_type": 14, "object_id": "18", "object_repr": "Message: ME - Fowl Pox Info", "action_flag": 2, "change_message": "[{\"changed\": {\"fields\": [\"_redirect\"]}}]"}}, {"model": "admin.logentry", "pk": 153, "fields": {"action_time": "2018-05-21T19:03:02.540Z", "user": 1, "content_type": 14, "object_id": "19", "object_repr": "Message: ME - Mareks info", "action_flag": 2, "change_message": "[{\"changed\": {\"fields\": [\"_redirect\"]}}]"}}, {"model": "admin.logentry", "pk": 154, "fields": {"action_time": "2018-05-21T19:03:11.193Z", "user": 1, "content_type": 14, "object_id": "20", "object_repr": "Message: ME - Infectious Bursal info", "action_flag": 2, "change_message": "[{\"changed\": {\"fields\": [\"_redirect\"]}}]"}}, {"model": "admin.logentry", "pk": 155, "fields": {"action_time": "2018-05-21T19:03:56.753Z", "user": 1, "content_type": 14, "object_id": "21", "object_repr": "Message: ME - Please select your animal", "action_flag": 3, "change_message": ""}}, {"model": "admin.logentry", "pk": 156, "fields": {"action_time": "2018-05-21T19:05:18.808Z", "user": 1, "content_type": 14, "object_id": "57", "object_repr": "Message: ME - Veterinarian 1 Info", "action_flag": 2, "change_message": "[{\"changed\": {\"fields\": [\"_redirect\"]}}]"}}, {"model": "admin.logentry", "pk": 157, "fields": {"action_time": "2018-05-21T19:05:35.194Z", "user": 1, "content_type": 14, "object_id": "59", "object_repr": "Message: ME - Veterinarian 3 Info", "action_flag": 3, "change_message": ""}}, {"model": "admin.logentry", "pk": 158, "fields": {"action_time": "2018-05-21T19:06:55.168Z", "user": 1, "content_type": 13, "object_id": "53", "object_repr": "CE - Choose from 3 veterinarians", "action_flag": 2, "change_message": "[{\"changed\": {\"fields\": [\"voice_label\"]}}]"}}, {"model": "admin.logentry", "pk": 159, "fields": {"action_time": "2018-05-21T19:07:22.915Z", "user": 1, "content_type": 14, "object_id": "58", "object_repr": "Message: ME - Veterinarian 2 Info", "action_flag": 2, "change_message": "[{\"changed\": {\"fields\": [\"_redirect\"]}}]"}}, {"model": "admin.logentry", "pk": 160, "fields": {"action_time": "2018-05-21T19:07:43.937Z", "user": 1, "content_type": 14, "object_id": "49", "object_repr": "Message: ME - No diagnosis", "action_flag": 2, "change_message": "[{\"changed\": {\"fields\": [\"_redirect\"]}}]"}}, {"model": "admin.logentry", "pk": 161, "fields": {"action_time": "2018-05-21T19:11:10.176Z", "user": 1, "content_type": 14, "object_id": "76", "object_repr": "Message: ME - Put through veterinarian 1", "action_flag": 1, "change_message": "[{\"added\": {}}]"}}, {"model": "admin.logentry", "pk": 162, "fields": {"action_time": "2018-05-21T19:11:34.736Z", "user": 1, "content_type": 14, "object_id": "77", "object_repr": "Message: ME - Put through veterinarian 2", "action_flag": 1, "change_message": "[{\"added\": {}}]"}}, {"model": "admin.logentry", "pk": 163, "fields": {"action_time": "2018-05-21T19:11:58.372Z", "user": 1, "content_type": 14, "object_id": "78", "object_repr": "Message: ME - Put through veterinarian 3", "action_flag": 1, "change_message": "[{\"added\": {}}]"}}, {"model": "admin.logentry", "pk": 164, "fields": {"action_time": "2018-05-21T19:12:41.124Z", "user": 1, "content_type": 14, "object_id": "76", "object_repr": "Message: ME - Put through veterinarian 1", "action_flag": 2, "change_message": "[{\"changed\": {\"fields\": [\"_redirect\", \"final_element\"]}}]"}}, {"model": "admin.logentry", "pk": 165, "fields": {"action_time": "2018-05-21T19:13:07.213Z", "user": 1, "content_type": 14, "object_id": "77", "object_repr": "Message: ME - Put through veterinarian 2", "action_flag": 2, "change_message": "[{\"changed\": {\"fields\": [\"_redirect\", \"final_element\"]}}]"}}, {"model": "admin.logentry", "pk": 166, "fields": {"action_time": "2018-05-21T19:13:17.463Z", "user": 1, "content_type": 14, "object_id": "78", "object_repr": "Message: ME - Put through veterinarian 3", "action_flag": 2, "change_message": "[{\"changed\": {\"fields\": [\"_redirect\", \"final_element\"]}}]"}}, {"model": "admin.logentry", "pk": 167, "fields": {"action_time": "2018-05-21T19:13:25.853Z", "user": 1, "content_type": 14, "object_id": "22", "object_repr": "Message: ME - Please hold the line", "action_flag": 2, "change_message": "[{\"changed\": {\"fields\": [\"final_element\"]}}]"}}, {"model": "admin.logentry", "pk": 168, "fields": {"action_time": "2018-05-21T19:14:22.448Z", "user": 1, "content_type": 13, "object_id": "53", "object_repr": "CE - Choose from 3 veterinarians", "action_flag": 2, "change_message": "[{\"changed\": {\"name\": \"Voice Service\", \"object\": \"(CE - Choose from 3 veterinarians): 1\", \"fields\": [\"_redirect\"]}}, {\"changed\": {\"name\": \"Voice Service\", \"object\": \"(CE - Choose from 3 veterinarians): 2\", \"fields\": [\"_redirect\"]}}, {\"changed\": {\"name\": \"Voice Service\", \"object\": \"(CE - Choose from 3 veterinarians): 3\", \"fields\": [\"_redirect\"]}}]"}}]